time,pcwx,pcwy,pcwz,pcwHatx,pcwHaty,pcwHatz,p0wx,p0wy,p0wz,p0wHatx,p0wHaty,p0wHatz,converged0,p1wx,p1wy,p1wz,p1wHatx,p1wHaty,p1wHatz,converged1,p2wx,p2wy,p2wz,p2wHatx,p2wHaty,p2wHatz,converged2,p3wx,p3wy,p3wz,p3wHatx,p3wHaty,p3wHatz,converged3,p4wx,p4wy,p4wz,p4wHatx,p4wHaty,p4wHatz,converged4,p5wx,p5wy,p5wz,p5wHatx,p5wHaty,p5wHatz,converged5,p6wx,p6wy,p6wz,p6wHatx,p6wHaty,p6wHatz,converged6,p7wx,p7wy,p7wz,p7wHatx,p7wHaty,p7wHatz,converged7,p8wx,p8wy,p8wz,p8wHatx,p8wHaty,p8wHatz,converged8,p9wx,p9wy,p9wz,p9wHatx,p9wHaty,p9wHatz,converged9,p10wx,p10wy,p10wz,p10wHatx,p10wHaty,p10wHatz,converged10,p11wx,p11wy,p11wz,p11wHatx,p11wHaty,p11wHatz,converged11,p12wx,p12wy,p12wz,p12wHatx,p12wHaty,p12wHatz,converged12,p13wx,p13wy,p13wz,p13wHatx,p13wHaty,p13wHatz,converged13,p14wx,p14wy,p14wz,p14wHatx,p14wHaty,p14wHatz,converged14,p15wx,p15wy,p15wz,p15wHatx,p15wHaty,p15wHatz,converged15,p16wx,p16wy,p16wz,p16wHatx,p16wHaty,p16wHatz,converged16,p17wx,p17wy,p17wz,p17wHatx,p17wHaty,p17wHatz,converged17,p18wx,p18wy,p18wz,p18wHatx,p18wHaty,p18wHatz,converged18,p19wx,p19wy,p19wz,p19wHatx,p19wHaty,p19wHatz,converged19,p20wx,p20wy,p20wz,p20wHatx,p20wHaty,p20wHatz,converged20,p21wx,p21wy,p21wz,p21wHatx,p21wHaty,p21wHatz,converged21,p22wx,p22wy,p22wz,p22wHatx,p22wHaty,p22wHatz,converged22,p23wx,p23wy,p23wz,p23wHatx,p23wHaty,p23wHatz,converged23,p24wx,p24wy,p24wz,p24wHatx,p24wHaty,p24wHatz,converged24,p25wx,p25wy,p25wz,p25wHatx,p25wHaty,p25wHatz,converged25,p26wx,p26wy,p26wz,p26wHatx,p26wHaty,p26wHatz,converged26,p27wx,p27wy,p27wz,p27wHatx,p27wHaty,p27wHatz,converged27,p28wx,p28wy,p28wz,p28wHatx,p28wHaty,p28wHatz,converged28,p29wx,p29wy,p29wz,p29wHatx,p29wHaty,p29wHatz,converged29,p30wx,p30wy,p30wz,p30wHatx,p30wHaty,p30wHatz,converged30,p31wx,p31wy,p31wz,p31wHatx,p31wHaty,p31wHatz,converged31,p32wx,p32wy,p32wz,p32wHatx,p32wHaty,p32wHatz,converged32,p33wx,p33wy,p33wz,p33wHatx,p33wHaty,p33wHatz,converged33,
0,6.79907,-3.06388,0.173631,7.48009,-2.76577,0.0542075,6.16,-1.22588,0.606201,6.53777,-0.0556173,0.692036,0,6.16,-1.51681,0.0616891,6.40854,-0.171754,-0.133489,0,6.16,-1.67488,0.53571,6.31634,-0.236392,0.713553,0,6.16,-1.83193,0.636036,6.27857,-0.4496,0.923572,0,6.16,-1.28733,0.839334,6.5371,-0.144347,1.0365,0,6.16,-1.70993,0.413992,6.30541,-0.277075,0.496017,0,6.16,-1.71206,0.265466,6.25782,-0.180312,0.229849,0,6.16,-0.673094,-0.0147889,6.68711,0.200811,-0.179591,0,6.16,-1.48291,0.356883,6.41502,-0.130929,0.359616,0,6.16,-0.845748,0.347233,6.62209,0.212246,0.287282,0,5.68646,-1.86,0.284768,5.57494,-0.70434,0.244511,0,6.16,-1.31485,0.238177,6.46375,0.0157924,0.156859,0,5.57211,-1.86,0.420235,5.35233,-0.678046,0.48186,0,5.50763,-1.86,0.320346,5.3317,-0.763048,0.298277,0,6.16,-1.81393,0.074932,6.26211,-0.383548,-0.133898,0,6.16,-0.513187,0.643171,6.71853,0.273809,0.613744,0,6.06277,-1.86,0.532014,6.13754,-0.570649,0.707673,0,5.51005,-1.86,0.709268,5.4005,-0.823538,0.918357,0,6.16,-0.852093,0.824194,6.64635,0.119745,0.902938,0,6.11547,-1.86,0.239304,6.1335,-0.394308,0.183575,0,5.96623,-1.86,0.341188,5.96137,-0.570462,0.359753,0,5.75424,-1.86,0.402945,5.62005,-0.622582,0.462441,0,5.97931,-1.86,0.115011,5.93797,-0.501047,-0.0560661,0,6.11045,-1.86,0.345903,6.1824,-0.497088,0.378851,0,5.87232,-1.86,0.252521,5.78165,-0.559457,0.198788,0,5.90995,-1.86,0.626361,5.89059,-0.613562,0.863566,0,6.02426,-1.86,0.661572,6.07961,-0.589742,0.936167,0,5.8451,-1.86,0.470447,5.7195,-0.543975,0.601991,0,5.83711,-1.86,0.124389,5.67037,-0.500934,-0.0384294,0,5.70109,-1.86,0.156062,5.57458,-0.676478,0.0237182,0,6.13937,-1.86,0.44465,6.22127,-0.468581,0.571355,0,6.16,-1.13663,0.460783,6.53522,0.0836699,0.478763,0,5.97243,-1.86,0.452372,5.96978,-0.56622,0.563483,0,5.7459,-1.86,0.573284,5.64617,-0.669419,0.750136,0,
0.033334,6.82187,-3.05216,0.173255,7.50396,-2.75422,0.0539889,6.16,-1.22588,0.606201,6.54245,-0.122081,0.677819,0,6.16,-1.51681,0.0616891,6.43674,-0.289992,-0.126795,0,6.16,-1.67488,0.53571,6.34776,-0.351052,0.68626,0,6.16,-1.83193,0.636036,6.32922,-0.58939,0.874481,0,6.16,-1.28733,0.839334,6.54426,-0.218558,1.01226,0,6.16,-1.70993,0.413992,6.34433,-0.405281,0.47486,0,6.16,-1.71206,0.265466,6.29853,-0.315393,0.21943,0,6.16,-0.673094,-0.0147889,6.68489,0.135226,-0.175458,0,6.16,-1.48291,0.356883,6.4332,-0.224961,0.349716,0,6.16,-0.845748,0.347233,6.61562,0.170567,0.283523,0,5.68646,-1.86,0.284768,5.62766,-0.787806,0.238349,0,6.16,-1.31485,0.238177,6.47585,-0.0746479,0.155046,0,5.57211,-1.86,0.420235,5.39574,-0.748713,0.469731,0,5.50763,-1.86,0.320346,5.39376,-0.849726,0.291322,0,6.16,-1.81393,0.074932,6.31063,-0.51819,-0.124285,0,6.16,-0.513187,0.643171,6.70816,0.243995,0.609801,0,6.06277,-1.86,0.532014,6.20006,-0.708526,0.668078,0,5.51005,-1.86,0.709268,5.43968,-0.885816,0.897687,0,6.16,-0.852093,0.824194,6.6391,0.0837746,0.891473,0,6.11547,-1.86,0.239304,6.19785,-0.548012,0.177421,0,5.96623,-1.86,0.341188,6.0238,-0.692768,0.343614,0,5.75424,-1.86,0.402945,5.67972,-0.722044,0.446996,0,5.97931,-1.86,0.115011,5.99586,-0.618076,-0.0509401,0,6.11045,-1.86,0.345903,6.24103,-0.635787,0.360049,0,5.87232,-1.86,0.252521,5.84887,-0.679856,0.192624,0,5.90995,-1.86,0.626361,5.94356,-0.715065,0.828757,0,6.02426,-1.86,0.661572,6.12625,-0.693032,0.898088,0,5.8451,-1.86,0.470447,5.77745,-0.648656,0.580625,0,5.83711,-1.86,0.124389,5.73441,-0.615323,-0.0361111,0,5.70109,-1.86,0.156062,5.62629,-0.759539,0.0235122,0,6.13937,-1.86,0.44465,6.27493,-0.605014,0.54181,0,6.16,-1.13663,0.460783,6.53723,0.0193496,0.469258,0,5.97243,-1.86,0.452372,6.01468,-0.65896,0.54038,0,5.7459,-1.86,0.573284,5.7067,-0.768575,0.721485,0,
0.0666681,6.84355,-3.04034,0.17285,7.5171,-2.74757,0.0538779,6.16,-1.22588,0.606201,6.55489,-0.17055,0.663886,0,6.16,-1.51681,0.0616891,6.46305,-0.365804,-0.118586,0,6.16,-1.67488,0.53571,6.3835,-0.444978,0.661107,0,6.16,-1.83193,0.636036,6.37349,-0.687648,0.835087,0,6.16,-1.28733,0.839334,6.55593,-0.26046,0.99467,0,6.16,-1.70993,0.413992,6.38767,-0.513906,0.455232,0,6.16,-1.71206,0.265466,6.3393,-0.416951,0.212913,0,6.16,-0.673094,-0.0147889,6.69265,0.0935328,-0.170132,0,6.16,-1.48291,0.356883,6.45663,-0.29656,0.336987,0,6.16,-0.845748,0.347233,6.61978,0.162496,0.278296,0,5.68646,-1.86,0.284768,5.67151,-0.842396,0.230385,0,6.16,-1.31485,0.238177,6.4956,-0.144565,0.153581,0,5.57211,-1.86,0.420235,5.44409,-0.80484,0.454126,0,5.50763,-1.86,0.320346,5.43424,-0.892529,0.282628,0,6.16,-1.81393,0.074932,6.35193,-0.610925,-0.117355,0,6.16,-0.513187,0.643171,6.7117,0.221191,0.608507,0,6.06277,-1.86,0.532014,6.25448,-0.809226,0.638628,0,5.51005,-1.86,0.709268,5.48376,-0.934621,0.871935,0,6.16,-0.852093,0.824194,6.64633,0.0394495,0.881291,0,6.11547,-1.86,0.239304,6.25729,-0.66667,0.168413,0,5.96623,-1.86,0.341188,6.07141,-0.770284,0.332111,0,5.75424,-1.86,0.402945,5.72893,-0.786902,0.431963,0,5.97931,-1.86,0.115011,6.05087,-0.710544,-0.0483834,0,6.11045,-1.86,0.345903,6.29841,-0.749802,0.342644,0,5.87232,-1.86,0.252521,5.90124,-0.756462,0.184234,0,5.90995,-1.86,0.626361,6.00063,-0.804553,0.793656,0,6.02426,-1.86,0.661572,6.17554,-0.782544,0.862509,0,5.8451,-1.86,0.470447,5.82922,-0.724101,0.562374,0,5.83711,-1.86,0.124389,5.79025,-0.695296,-0.0331175,0,5.70109,-1.86,0.156062,5.66523,-0.808375,0.0215804,0,6.13937,-1.86,0.44465,6.33319,-0.727075,0.51426,0,6.16,-1.13663,0.460783,6.54814,-0.026011,0.463162,0,5.97243,-1.86,0.452372,6.07438,-0.760747,0.517161,0,5.7459,-1.86,0.573284,5.7632,-0.842713,0.69416,0,
0.100002,6.84355,-3.04034,0.17285,7.52669,-2.74258,0.0538014,6.16,-1.22588,0.606201,6.57617,-0.242378,0.652818,0,6.16,-1.51681,0.0616891,6.50578,-0.484489,-0.115312,0,6.16,-1.67488,0.53571,6.42769,-0.552765,0.633367,0,6.16,-1.83193,0.636036,6.4274,-0.802989,0.79356,0,6.16,-1.28733,0.839334,6.5749,-0.32508,0.971293,0,6.16,-1.70993,0.413992,6.43916,-0.634395,0.434274,0,6.16,-1.71206,0.265466,6.38941,-0.534652,0.205187,0,6.16,-0.673094,-0.0147889,6.70727,0.0229814,-0.164815,0,6.16,-1.48291,0.356883,6.48979,-0.391467,0.326452,0,6.16,-0.845748,0.347233,6.62831,0.121925,0.275359,0,5.68646,-1.86,0.284768,5.74266,-0.928255,0.222995,0,6.16,-1.31485,0.238177,6.52117,-0.225036,0.150638,0,5.57211,-1.86,0.420235,5.49951,-0.864434,0.442163,0,5.50763,-1.86,0.320346,5.49291,-0.953467,0.27455,0,6.16,-1.81393,0.074932,6.40924,-0.735256,-0.107408,0,6.16,-0.513187,0.643171,6.71813,0.200073,0.601336,0,6.06277,-1.86,0.532014,6.32217,-0.929911,0.602661,0,5.51005,-1.86,0.709268,5.54258,-0.996083,0.845197,0,6.16,-0.852093,0.824194,6.65916,-0.0142198,0.863978,0,6.11547,-1.86,0.239304,6.32872,-0.803023,0.162101,0,5.96623,-1.86,0.341188,6.13,-0.862997,0.319047,0,5.75424,-1.86,0.402945,5.81688,-0.899369,0.415715,0,5.97931,-1.86,0.115011,6.11923,-0.820137,-0.0430548,0,6.11045,-1.86,0.345903,6.36201,-0.869975,0.327555,0,5.87232,-1.86,0.252521,5.96257,-0.843412,0.179317,0,5.90995,-1.86,0.626361,6.05852,-0.888193,0.757238,0,6.02426,-1.86,0.661572,6.24689,-0.905221,0.812249,0,5.8451,-1.86,0.470447,5.89739,-0.818896,0.539752,0,5.83711,-1.86,0.124389,5.86979,-0.804703,-0.0284616,0,5.70109,-1.86,0.156062,5.70417,-0.854068,0.0208701,0,6.13937,-1.86,0.44465,6.40125,-0.861621,0.4861,0,6.16,-1.13663,0.460783,6.56484,-0.0852902,0.454031,0,5.97243,-1.86,0.452372,6.15158,-0.883371,0.491386,0,5.7459,-1.86,0.573284,5.83055,-0.927158,0.666642,0,
0.133336,6.85156,-3.03543,0.172394,7.53542,-2.73788,0.0537363,6.16,-1.22588,0.606201,6.59937,-0.307783,0.637248,0,6.16,-1.51681,0.0616891,6.55313,-0.602473,-0.107908,0,6.16,-1.67488,0.53571,6.48164,-0.674526,0.604561,0,6.16,-1.83193,0.636036,6.48304,-0.913066,0.750991,0,6.16,-1.28733,0.839334,6.60613,-0.418646,0.939724,0,6.16,-1.70993,0.413992,6.51895,-0.810572,0.407433,0,6.16,-1.71206,0.265466,6.44278,-0.649972,0.197728,0,6.16,-0.673094,-0.0147889,6.73709,-0.102399,-0.159018,0,6.16,-1.48291,0.356883,6.52775,-0.487649,0.315555,0,6.16,-0.845748,0.347233,6.64664,0.0568187,0.270975,0,5.68646,-1.86,0.284768,5.80539,-0.99598,0.216864,0,6.16,-1.31485,0.238177,6.55207,-0.310972,0.148354,0,5.57211,-1.86,0.420235,5.57306,-0.939137,0.425922,0,5.50763,-1.86,0.320346,5.5574,-1.01427,0.266211,0,6.16,-1.81393,0.074932,6.46187,-0.83902,-0.0992051,0,6.16,-0.513187,0.643171,6.72964,0.160662,0.594133,0,6.06277,-1.86,0.532014,6.37889,-1.02287,0.576237,0,5.51005,-1.86,0.709268,5.59733,-1.04706,0.823739,0,6.16,-0.852093,0.824194,6.67543,-0.0604675,0.854903,0,6.11547,-1.86,0.239304,6.40222,-0.934505,0.156251,0,5.96623,-1.86,0.341188,6.20251,-0.971257,0.304498,0,5.75424,-1.86,0.402945,5.88861,-0.981967,0.397832,0,5.97931,-1.86,0.115011,6.18599,-0.919546,-0.0365338,0,6.11045,-1.86,0.345903,6.4263,-0.984256,0.310948,0,5.87232,-1.86,0.252521,6.04004,-0.947425,0.173244,0,5.90995,-1.86,0.626361,6.12508,-0.982028,0.724296,0,6.02426,-1.86,0.661572,6.31837,-1.01901,0.765846,0,5.8451,-1.86,0.470447,5.97443,-0.918759,0.51292,0,5.83711,-1.86,0.124389,5.9389,-0.891328,-0.0245974,0,5.70109,-1.86,0.156062,5.74479,-0.897563,0.0212927,0,6.13937,-1.86,0.44465,6.47035,-0.989914,0.457204,0,6.16,-1.13663,0.460783,6.58832,-0.15644,0.445103,0,5.97243,-1.86,0.452372,6.22873,-0.997752,0.462051,0,5.7459,-1.86,0.573284,5.90513,-1.01471,0.636522,0,
0.16667,6.87368,-3.02262,0.171952,7.55848,-2.72526,0.0535717,6.16,-1.22588,0.606201,6.60587,-0.371285,0.621697,0,6.16,-1.51681,0.0616891,6.57656,-0.685958,-0.103456,0,6.16,-1.67488,0.53571,6.51682,-0.777187,0.575846,0,6.16,-1.83193,0.636036,6.52788,-1.01856,0.711776,0,6.16,-1.28733,0.839334,6.61642,-0.486058,0.913772,0,6.16,-1.70993,0.413992,6.56077,-0.916779,0.385043,0,6.16,-1.71206,0.265466,6.48072,-0.756649,0.189431,0,6.16,-0.673094,-0.0147889,6.73798,-0.151625,-0.159216,0,6.16,-1.48291,0.356883,6.55148,-0.581416,0.30384,0,6.16,-0.845748,0.347233,6.64577,-0.00456834,0.262549,0,5.68646,-1.86,0.284768,5.85614,-1.06959,0.205821,0,6.16,-1.31485,0.238177,6.56248,-0.3799,0.145163,0,5.57211,-1.86,0.420235,5.63633,-1.02315,0.405765,0,5.50763,-1.86,0.320346,5.61482,-1.08911,0.254426,0,6.16,-1.81393,0.074932,6.49637,-0.92542,-0.0947878,0,6.16,-0.513187,0.643171,6.72064,0.121279,0.58656,0,6.06277,-1.86,0.532014,6.42833,-1.11947,0.546148,0,5.51005,-1.86,0.709268,5.66164,-1.12831,0.78473,0,6.16,-0.852093,0.824194,6.67237,-0.113877,0.837506,0,6.11547,-1.86,0.239304,6.4501,-1.03328,0.146009,0,5.96623,-1.86,0.341188,6.26313,-1.07591,0.288149,0,5.75424,-1.86,0.402945,5.93769,-1.05531,0.379258,0,5.97931,-1.86,0.115011,6.23903,-1.01514,-0.0368819,0,6.11045,-1.86,0.345903,6.47518,-1.08473,0.294918,0,5.87232,-1.86,0.252521,6.12805,-1.08071,0.158296,0,5.90995,-1.86,0.626361,6.18575,-1.08321,0.68826,0,6.02426,-1.86,0.661572,6.37224,-1.11829,0.725776,0,5.8451,-1.86,0.470447,6.03455,-1.01401,0.488252,0,5.83711,-1.86,0.124389,5.99991,-0.988035,-0.0258403,0,5.70109,-1.86,0.156062,5.80402,-0.987401,0.0191257,0,6.13937,-1.86,0.44465,6.52524,-1.10481,0.430185,0,6.16,-1.13663,0.460783,6.59527,-0.23075,0.43339,0,5.97243,-1.86,0.452372,6.27226,-1.07522,0.442983,0,5.7459,-1.86,0.573284,5.96414,-1.10021,0.607427,0,
0.200004,6.87368,-3.02262,0.171952,7.57119,-2.71798,0.0534915,6.16,-1.22588,0.606201,6.61711,-0.406934,0.613063,0,6.16,-1.51681,0.0616891,6.59165,-0.721334,-0.0973267,0,6.16,-1.67488,0.53571,6.53486,-0.813746,0.56402,0,6.16,-1.83193,0.636036,6.55719,-1.07425,0.690958,0,6.16,-1.28733,0.839334,6.62418,-0.504624,0.90617,0,6.16,-1.70993,0.413992,6.58232,-0.959848,0.379822,0,6.16,-1.71206,0.265466,6.50601,-0.809868,0.185754,0,6.16,-0.673094,-0.0147889,6.74298,-0.168504,-0.158929,0,6.16,-1.48291,0.356883,6.56525,-0.613352,0.300265,0,6.16,-0.845748,0.347233,6.64956,-0.00362349,0.263876,0,5.68646,-1.86,0.284768,5.88639,-1.10335,0.203034,0,6.16,-1.31485,0.238177,6.57453,-0.414607,0.142967,0,5.57211,-1.86,0.420235,5.66909,-1.05593,0.398456,0,5.50763,-1.86,0.320346,5.64168,-1.11444,0.252284,0,6.16,-1.81393,0.074932,6.52416,-0.980491,-0.0905991,0,6.16,-0.513187,0.643171,6.72403,0.113036,0.586765,0,6.06277,-1.86,0.532014,6.45252,-1.15703,0.534929,0,5.51005,-1.86,0.709268,5.70438,-1.17059,0.766064,0,6.16,-0.852093,0.824194,6.67685,-0.123872,0.833355,0,6.11547,-1.86,0.239304,6.48305,-1.09039,0.141257,0,5.96623,-1.86,0.341188,6.30262,-1.13285,0.280376,0,5.75424,-1.86,0.402945,5.96085,-1.08158,0.373809,0,5.97931,-1.86,0.115011,6.27264,-1.06468,-0.0338354,0,6.11045,-1.86,0.345903,6.505,-1.13544,0.286938,0,5.87232,-1.86,0.252521,6.17599,-1.14208,0.153845,0,5.90995,-1.86,0.626361,6.21046,-1.11341,0.672361,0,6.02426,-1.86,0.661572,6.38938,-1.1412,0.71659,0,5.8451,-1.86,0.470447,6.0667,-1.05451,0.478415,0,5.83711,-1.86,0.124389,6.03832,-1.03703,-0.0220859,0,5.70109,-1.86,0.156062,5.82822,-1.01303,0.0213796,0,6.13937,-1.86,0.44465,6.55538,-1.15737,0.418961,0,6.16,-1.13663,0.460783,6.60415,-0.256387,0.428524,0,5.97243,-1.86,0.452372,6.29402,-1.10604,0.436594,0,5.7459,-1.86,0.573284,5.99465,-1.13505,0.595989,0,
0.233338,6.89516,-3.00945,0.171499,7.58081,-2.71233,0.053435,6.16,-1.22588,0.606201,6.63429,-0.45471,0.606358,0,6.16,-1.51681,0.0616891,6.61906,-0.789291,-0.0908962,0,6.16,-1.67488,0.53571,6.568,-0.88734,0.548843,0,6.16,-1.83193,0.636036,6.59882,-1.15359,0.663328,0,6.16,-1.28733,0.839334,6.64259,-0.560101,0.889326,0,6.16,-1.70993,0.413992,6.61117,-1.02029,0.3691,0,6.16,-1.71206,0.265466,6.54239,-0.886559,0.181363,0,6.16,-0.673094,-0.0147889,6.7558,-0.222872,-0.151395,0,6.16,-1.48291,0.356883,6.59229,-0.682818,0.294934,0,6.16,-0.845748,0.347233,6.66174,-0.0559568,0.263169,0,5.68646,-1.86,0.284768,5.91873,-1.13758,0.20235,0,6.16,-1.31485,0.238177,6.59868,-0.482862,0.144895,0,5.57211,-1.86,0.420235,5.7149,-1.10189,0.392557,0,5.50763,-1.86,0.320346,5.68201,-1.15285,0.247701,0,6.16,-1.81393,0.074932,6.55704,-1.04324,-0.0835193,0,6.16,-0.513187,0.643171,6.73622,0.0607011,0.584251,0,6.06277,-1.86,0.532014,6.48995,-1.21814,0.51877,0,5.51005,-1.86,0.709268,5.75726,-1.22098,0.74354,0,6.16,-0.852093,0.824194,6.68993,-0.174307,0.823935,0,6.11547,-1.86,0.239304,6.5378,-1.18489,0.133833,0,5.96623,-1.86,0.341188,6.34203,-1.18815,0.274292,0,5.75424,-1.86,0.402945,6.00564,-1.13497,0.3643,0,5.97931,-1.86,0.115011,6.31778,-1.13046,-0.0284112,0,6.11045,-1.86,0.345903,6.54461,-1.20333,0.278833,0,5.87232,-1.86,0.252521,6.21521,-1.19095,0.152496,0,5.90995,-1.86,0.626361,6.25275,-1.17256,0.65259,0,6.02426,-1.86,0.661572,6.43254,-1.21062,0.690679,0,5.8451,-1.86,0.470447,6.11607,-1.1177,0.464983,0,5.83711,-1.86,0.124389,6.06978,-1.0743,-0.0213828,0,5.70109,-1.86,0.156062,5.87138,-1.06207,0.0231824,0,6.13937,-1.86,0.44465,6.59274,-1.22374,0.404597,0,6.16,-1.13663,0.460783,6.62076,-0.308004,0.424675,0,5.97243,-1.86,0.452372,6.34136,-1.17652,0.421437,0,5.7459,-1.86,0.573284,6.04178,-1.19007,0.579302,0,
0.266672,6.90283,-3.00413,0.171031,7.58934,-2.70711,0.0533916,6.16,-1.22588,0.606201,6.66264,-0.532381,0.589012,0,6.16,-1.51681,0.0616891,6.65831,-0.876757,-0.0812283,0,6.16,-1.67488,0.53571,6.61448,-0.981453,0.525723,0,6.16,-1.83193,0.636036,6.63163,-1.2083,0.644926,0,6.16,-1.28733,0.839334,6.67017,-0.63074,0.865449,0,6.16,-1.70993,0.413992,6.65442,-1.10483,0.356027,0,6.16,-1.71206,0.265466,6.59315,-0.986075,0.177139,0,6.16,-0.673094,-0.0147889,6.78075,-0.309563,-0.140156,0,6.16,-1.48291,0.356883,6.63209,-0.774457,0.286672,0,6.16,-0.845748,0.347233,6.68729,-0.141162,0.257899,0,5.68646,-1.86,0.284768,5.97701,-1.19853,0.198771,0,6.16,-1.31485,0.238177,6.63364,-0.571083,0.14474,0,5.57211,-1.86,0.420235,5.78638,-1.17001,0.379501,0,5.50763,-1.86,0.320346,5.74352,-1.20801,0.242512,0,6.16,-1.81393,0.074932,6.60834,-1.137,-0.0740393,0,6.16,-0.513187,0.643171,6.75151,0.0138559,0.575349,0,6.06277,-1.86,0.532014,6.54584,-1.30374,0.493824,0,5.51005,-1.86,0.709268,5.829,-1.28592,0.715302,0,6.16,-0.852093,0.824194,6.71272,-0.246966,0.805498,0,6.11547,-1.86,0.239304,6.62283,-1.32347,0.128113,0,5.96623,-1.86,0.341188,6.40222,-1.27024,0.264546,0,5.75424,-1.86,0.402945,6.0735,-1.20985,0.352945,0,5.97931,-1.86,0.115011,6.37704,-1.21197,-0.0225681,0,6.11045,-1.86,0.345903,6.59634,-1.28645,0.269135,0,5.87232,-1.86,0.252521,6.27526,-1.26483,0.149741,0,5.90995,-1.86,0.626361,6.31106,-1.24751,0.625588,0,6.02426,-1.86,0.661572,6.49092,-1.29574,0.657031,0,5.8451,-1.86,0.470447,6.18539,-1.20096,0.446182,0,5.83711,-1.86,0.124389,6.13046,-1.14763,-0.0157548,0,5.70109,-1.86,0.156062,5.94159,-1.13601,0.0298305,0,6.13937,-1.86,0.44465,6.63925,-1.30122,0.388571,0,6.16,-1.13663,0.460783,6.64783,-0.383313,0.416205,0,5.97243,-1.86,0.452372,6.40307,-1.26085,0.402149,0,5.7459,-1.86,0.573284,6.13938,-1.29865,0.541553,0,
0.300007,6.9245,-2.99034,0.170583,7.6017,-2.69941,0.0533332,6.16,-1.22588,0.606201,6.6853,-0.601836,0.571626,0,6.16,-1.51681,0.0616891,6.69619,-0.966919,-0.0750258,0,6.16,-1.67488,0.53571,6.65541,-1.06715,0.5044,0,6.16,-1.83193,0.636036,6.66637,-1.2736,0.619749,0,6.16,-1.28733,0.839334,6.69027,-0.690364,0.842266,0,6.16,-1.70993,0.413992,6.69002,-1.17621,0.342699,0,6.16,-1.71206,0.265466,6.64007,-1.08121,0.169764,0,6.16,-0.673094,-0.0147889,6.80027,-0.390725,-0.134777,0,6.16,-1.48291,0.356883,6.66258,-0.846929,0.282733,0,6.16,-0.845748,0.347233,6.70664,-0.218323,0.252356,0,5.68646,-1.86,0.284768,6.04602,-1.27462,0.191425,0,6.16,-1.31485,0.238177,6.66291,-0.654101,0.140555,0,5.57211,-1.86,0.420235,5.87637,-1.26052,0.359622,0,5.50763,-1.86,0.320346,5.80723,-1.26979,0.235272,0,6.16,-1.81393,0.074932,6.65429,-1.22197,-0.0675022,0,6.16,-0.513187,0.643171,6.76377,-0.0537853,0.564564,0,6.06277,-1.86,0.532014,6.58834,-1.36878,0.474458,0,5.51005,-1.86,0.709268,5.88872,-1.34289,0.691152,0,6.16,-0.852093,0.824194,6.72475,-0.294286,0.789911,0,6.11547,-1.86,0.239304,6.67342,-1.4033,0.123369,0,5.96623,-1.86,0.341188,6.45226,-1.33938,0.254505,0,5.75424,-1.86,0.402945,6.13804,-1.28386,0.339891,0,5.97931,-1.86,0.115011,6.43429,-1.29313,-0.0188864,0,6.11045,-1.86,0.345903,6.64408,-1.36465,0.257038,0,5.87232,-1.86,0.252521,6.33032,-1.33432,0.144843,0,5.90995,-1.86,0.626361,6.36741,-1.32204,0.60015,0,6.02426,-1.86,0.661572,6.53097,-1.35434,0.633457,0,5.8451,-1.86,0.470447,6.24616,-1.27622,0.427051,0,5.83711,-1.86,0.124389,6.19913,-1.23311,-0.0117489,0,5.70109,-1.86,0.156062,6.00947,-1.21196,0.0294596,0,6.13937,-1.86,0.44465,6.68031,-1.371,0.372531,0,6.16,-1.13663,0.460783,6.67209,-0.463527,0.40534,0,5.97243,-1.86,0.452372,6.45575,-1.33421,0.386694,0,5.7459,-1.86,0.573284,6.19444,-1.35786,0.518635,0,
0.33334,6.9245,-2.99034,0.170583,7.61197,-2.69345,0.0532704,6.16,-1.22588,0.606201,6.7022,-0.63756,0.565595,0,6.16,-1.51681,0.0616891,6.71591,-1.00283,-0.0717155,0,6.16,-1.67488,0.53571,6.67924,-1.10878,0.492718,0,6.16,-1.83193,0.636036,6.69327,-1.31743,0.603103,0,6.16,-1.28733,0.839334,6.70907,-0.732895,0.828359,0,6.16,-1.70993,0.413992,6.71122,-1.21183,0.33625,0,6.16,-1.71206,0.265466,6.66404,-1.12072,0.168517,0,6.16,-0.673094,-0.0147889,6.81476,-0.426042,-0.128601,0,6.16,-1.48291,0.356883,6.68123,-0.882007,0.279965,0,6.16,-0.845748,0.347233,6.72113,-0.249226,0.253094,0,5.68646,-1.86,0.284768,6.06845,-1.29135,0.18972,0,6.16,-1.31485,0.238177,6.68838,-0.712676,0.140521,0,5.57211,-1.86,0.420235,5.9013,-1.27638,0.358048,0,5.50763,-1.86,0.320346,5.84179,-1.29641,0.230209,0,6.16,-1.81393,0.074932,6.67826,-1.25933,-0.0639376,0,6.16,-0.513187,0.643171,6.77399,-0.0659382,0.562251,0,6.06277,-1.86,0.532014,6.61363,-1.40281,0.464874,0,5.51005,-1.86,0.709268,5.92436,-1.37116,0.676377,0,6.16,-0.852093,0.824194,6.73806,-0.325168,0.784695,0,6.11547,-1.86,0.239304,6.69618,-1.43473,0.122776,0,5.96623,-1.86,0.341188,6.47743,-1.36873,0.250152,0,5.75424,-1.86,0.402945,6.17406,-1.31904,0.332581,0,5.97931,-1.86,0.115011,6.46288,-1.32736,-0.0166013,0,6.11045,-1.86,0.345903,6.67221,-1.40523,0.250815,0,5.87232,-1.86,0.252521,6.36064,-1.36705,0.142648,0,5.90995,-1.86,0.626361,6.40189,-1.36211,0.583609,0,6.02426,-1.86,0.661572,6.56767,-1.40489,0.611797,0,5.8451,-1.86,0.470447,6.28421,-1.3176,0.415649,0,5.83711,-1.86,0.124389,6.22802,-1.26121,-0.0137087,0,5.70109,-1.86,0.156062,6.05338,-1.25426,0.0275644,0,6.13937,-1.86,0.44465,6.70575,-1.40912,0.363442,0,6.16,-1.13663,0.460783,6.69053,-0.506021,0.39984,0,5.97243,-1.86,0.452372,6.48441,-1.36875,0.378621,0,5.7459,-1.86,0.573284,6.23657,-1.40096,0.506616,0,
0.366675,6.94624,-2.97598,0.170116,7.63473,-2.67921,0.0531646,6.16,-1.22588,0.606201,6.70203,-0.65463,0.561829,0,6.16,-1.51681,0.0616891,6.72253,-1.02511,-0.0693202,0,6.16,-1.67488,0.53571,6.68669,-1.1286,0.487609,0,6.16,-1.83193,0.636036,6.70443,-1.33827,0.594915,0,6.16,-1.28733,0.839334,6.71009,-0.749446,0.822841,0,6.16,-1.70993,0.413992,6.71747,-1.2265,0.334447,0,6.16,-1.71206,0.265466,6.6738,-1.14475,0.167213,0,6.16,-0.673094,-0.0147889,6.81069,-0.436884,-0.128468,0,6.16,-1.48291,0.356883,6.68838,-0.910554,0.276774,0,6.16,-0.845748,0.347233,6.71527,-0.259276,0.252963,0,5.68646,-1.86,0.284768,6.09524,-1.32832,0.186136,0,6.16,-1.31485,0.238177,6.69257,-0.73677,0.139393,0,5.57211,-1.86,0.420235,5.91358,-1.29697,0.355436,0,5.50763,-1.86,0.320346,5.85581,-1.3174,0.22988,0,6.16,-1.81393,0.074932,6.68632,-1.27558,-0.0625265,0,6.16,-0.513187,0.643171,6.76459,-0.0700371,0.562891,0,6.06277,-1.86,0.532014,6.6249,-1.42073,0.459469,0,5.51005,-1.86,0.709268,5.93624,-1.38861,0.672182,0,6.16,-0.852093,0.824194,6.73365,-0.340737,0.781252,0,6.11547,-1.86,0.239304,6.70449,-1.44742,0.122656,0,5.96623,-1.86,0.341188,6.48952,-1.38766,0.248172,0,5.75424,-1.86,0.402945,6.18666,-1.3378,0.329393,0,5.97931,-1.86,0.115011,6.47668,-1.34925,-0.0154057,0,6.11045,-1.86,0.345903,6.67981,-1.41664,0.249917,0,5.87232,-1.86,0.252521,6.36611,-1.37581,0.143069,0,5.90995,-1.86,0.626361,6.41321,-1.37899,0.577973,0,6.02426,-1.86,0.661572,6.57205,-1.40972,0.61194,0,5.8451,-1.86,0.470447,6.29879,-1.33904,0.412174,0,5.83711,-1.86,0.124389,6.25917,-1.30513,-0.0152847,0,5.70109,-1.86,0.156062,6.09623,-1.30822,0.0293172,0,6.13937,-1.86,0.44465,6.71687,-1.42727,0.359379,0,6.16,-1.13663,0.460783,6.68887,-0.521045,0.397554,0,5.97243,-1.86,0.452372,6.49709,-1.38824,0.375546,0,5.7459,-1.86,0.573284,6.2537,-1.42311,0.501822,0,
0.400009,6.94624,-2.97598,0.170116,7.64728,-2.67105,0.0531164,6.16,-1.22588,0.606201,6.70491,-0.661705,0.55779,0,6.16,-1.51681,0.0616891,6.72803,-1.03618,-0.0705765,0,6.16,-1.67488,0.53571,6.69149,-1.1372,0.484216,0,6.16,-1.83193,0.636036,6.70873,-1.34432,0.591144,0,6.16,-1.28733,0.839334,6.71069,-0.747539,0.820552,0,6.16,-1.70993,0.413992,6.7203,-1.23093,0.33207,0,6.16,-1.71206,0.265466,6.67936,-1.15408,0.164516,0,6.16,-0.673094,-0.0147889,6.81241,-0.44177,-0.129832,0,6.16,-1.48291,0.356883,6.6907,-0.91261,0.275366,0,6.16,-0.845748,0.347233,6.7171,-0.266005,0.249673,0,5.68646,-1.86,0.284768,6.10257,-1.33392,0.184897,0,6.16,-1.31485,0.238177,6.69536,-0.741173,0.137664,0,5.57211,-1.86,0.420235,5.92353,-1.30623,0.350523,0,5.50763,-1.86,0.320346,5.86116,-1.32146,0.227865,0,6.16,-1.81393,0.074932,6.69183,-1.28472,-0.0631322,0,6.16,-0.513187,0.643171,6.76592,-0.0796378,0.561931,0,6.06277,-1.86,0.532014,6.62941,-1.42641,0.456528,0,5.51005,-1.86,0.709268,5.94199,-1.39292,0.66723,0,6.16,-0.852093,0.824194,6.73464,-0.340795,0.778138,0,6.11547,-1.86,0.239304,6.70551,-1.44788,0.120957,0,5.96623,-1.86,0.341188,6.49366,-1.39206,0.24598,0,5.75424,-1.86,0.402945,6.19649,-1.34861,0.327178,0,5.97931,-1.86,0.115011,6.48398,-1.35829,-0.0165327,0,6.11045,-1.86,0.345903,6.68306,-1.42115,0.247985,0,5.87232,-1.86,0.252521,6.37596,-1.38853,0.140619,0,5.90995,-1.86,0.626361,6.41982,-1.38669,0.573033,0,6.02426,-1.86,0.661572,6.57765,-1.41828,0.605976,0,5.8451,-1.86,0.470447,6.307,-1.34817,0.408248,0,5.83711,-1.86,0.124389,6.27405,-1.32047,-0.0172513,0,5.70109,-1.86,0.156062,6.11633,-1.32763,0.0282674,0,6.13937,-1.86,0.44465,6.71882,-1.42898,0.358338,0,6.16,-1.13663,0.460783,6.69153,-0.528344,0.395538,0,5.97243,-1.86,0.452372,6.50164,-1.39328,0.372518,0,5.7459,-1.86,0.573284,6.26145,-1.43052,0.496692,0,
0.433343,6.96655,-2.96175,0.169606,7.65593,-2.66521,0.0530898,6.16,-1.22588,0.606201,6.71543,-0.690091,0.554299,0,6.16,-1.51681,0.0616891,6.74185,-1.06728,-0.0692076,0,6.16,-1.67488,0.53571,6.70699,-1.16868,0.478073,0,6.16,-1.83193,0.636036,6.72505,-1.37408,0.580701,0,6.16,-1.28733,0.839334,6.72761,-0.796161,0.806655,0,6.16,-1.70993,0.413992,6.73064,-1.25155,0.32908,0,6.16,-1.71206,0.265466,6.69305,-1.18081,0.164783,0,6.16,-0.673094,-0.0147889,6.82013,-0.468995,-0.124263,0,6.16,-1.48291,0.356883,6.70108,-0.937008,0.274756,0,6.16,-0.845748,0.347233,6.72422,-0.287953,0.249414,0,5.68646,-1.86,0.284768,6.1281,-1.36116,0.182738,0,6.16,-1.31485,0.238177,6.7038,-0.762699,0.13754,0,5.57211,-1.86,0.420235,6.20372,-1.52747,0.302742,0,5.50763,-1.86,0.320346,6.14309,-1.53556,0.200779,0,6.16,-1.81393,0.074932,6.70721,-1.31272,-0.0597985,0,6.16,-0.513187,0.643171,6.77086,-0.0884743,0.56111,0,6.06277,-1.86,0.532014,6.6429,-1.44734,0.451048,0,5.51005,-1.86,0.709268,6.23346,-1.61362,0.561924,0,6.16,-0.852093,0.824194,6.74318,-0.371398,0.772091,0,6.11547,-1.86,0.239304,6.71601,-1.46574,0.120878,0,5.96623,-1.86,0.341188,6.51805,-1.42582,0.2422,0,5.75424,-1.86,0.402945,6.21829,-1.37262,0.322947,0,5.97931,-1.86,0.115011,6.49628,-1.3751,-0.0153675,0,6.11045,-1.86,0.345903,6.69563,-1.44188,0.246111,0,5.87232,-1.86,0.252521,6.39088,-1.4064,0.140152,0,5.90995,-1.86,0.626361,6.43783,-1.40997,0.562954,0,6.02426,-1.86,0.661572,6.599,-1.44977,0.593084,0,5.8451,-1.86,0.470447,6.32172,-1.3656,0.404914,0,5.83711,-1.86,0.124389,6.29465,-1.34472,-0.0152367,0,5.70109,-1.86,0.156062,6.13304,-1.3438,0.0286158,0,6.13937,-1.86,0.44465,6.7315,-1.45095,0.354426,0,6.16,-1.13663,0.460783,6.69997,-0.55186,0.39187,0,5.97243,-1.86,0.452372,6.52522,-1.42616,0.366171,0,5.7459,-1.86,0.573284,6.27632,-1.44669,0.491635,0,
0.466677,6.9738,-2.95605,0.169104,7.66395,-2.65969,0.0530686,6.16,-1.22588,0.606201,6.72095,-0.690527,0.553747,0,6.16,-1.51681,0.0616891,6.75857,-1.09855,-0.0684245,0,6.16,-1.67488,0.53571,6.71142,-1.17053,0.475108,0,6.16,-1.83193,0.636036,6.72856,-1.37538,0.578505,0,6.16,-1.28733,0.839334,6.73695,-0.808451,0.799847,0,6.16,-1.70993,0.413992,6.73432,-1.2536,0.329113,0,6.16,-1.71206,0.265466,6.69946,-1.18754,0.163921,0,6.16,-0.673094,-0.0147889,6.82604,-0.467778,-0.126851,0,6.16,-1.48291,0.356883,6.70777,-0.944201,0.273707,0,6.16,-0.845748,0.347233,6.73047,-0.275565,0.253511,0,5.68646,-1.86,0.284768,6.14052,-1.36823,0.17834,0,6.16,-1.31485,0.238177,6.70927,-0.765413,0.136555,0,5.57211,-1.86,0.420235,6.14099,-1.47501,0.313158,0,5.50763,-1.86,0.320346,6.09715,-1.49504,0.204936,0,6.16,-1.81393,0.074932,6.70947,-1.3116,-0.0601086,0,6.16,-0.513187,0.643171,6.77704,-0.0841959,0.559833,0,6.06277,-1.86,0.532014,6.64349,-1.44432,0.450432,0,5.51005,-1.86,0.709268,6.16018,-1.55337,0.587858,0,6.16,-0.852093,0.824194,6.75007,-0.372169,0.767753,0,6.11547,-1.86,0.239304,6.72089,-1.47091,0.119478,0,5.96623,-1.86,0.341188,6.52377,-1.42874,0.240575,0,5.75424,-1.86,0.402945,6.23405,-1.38536,0.322377,0,5.97931,-1.86,0.115011,6.50259,-1.38017,-0.0151584,0,6.11045,-1.86,0.345903,6.70153,-1.44788,0.242321,0,5.87232,-1.86,0.252521,6.39416,-1.40612,0.139495,0,5.90995,-1.86,0.626361,6.44335,-1.41258,0.561999,0,6.02426,-1.86,0.661572,6.60174,-1.44891,0.592424,0,5.8451,-1.86,0.470447,6.44468,-1.48151,0.373403,0,5.83711,-1.86,0.124389,6.301,-1.34709,-0.015589,0,5.70109,-1.86,0.156062,6.15302,-1.36124,0.0275756,0,6.13937,-1.86,0.44465,6.7312,-1.44682,0.354553,0,6.16,-1.13663,0.460783,6.70641,-0.554303,0.392766,0,5.97243,-1.86,0.452372,6.52872,-1.4259,0.364559,0,5.7459,-1.86,0.573284,6.27595,-1.44114,0.491933,0,
0.500011,6.99371,-2.94107,0.168599,7.67611,-2.65118,0.0530407,6.16,-1.22588,0.606201,6.72192,-0.692821,0.554545,0,6.16,-1.51681,0.0616891,6.7584,-1.09355,-0.0672128,0,6.16,-1.67488,0.53571,6.71568,-1.17905,0.475129,0,6.16,-1.83193,0.636036,6.73247,-1.38221,0.577173,0,6.16,-1.28733,0.839334,6.73885,-0.81005,0.801206,0,6.16,-1.70993,0.413992,6.73619,-1.25713,0.328268,0,6.16,-1.71206,0.265466,6.70481,-1.19776,0.162879,0,6.16,-0.673094,-0.0147889,6.82797,-0.477371,-0.122383,0,6.16,-1.48291,0.356883,6.71314,-0.956617,0.274064,0,6.16,-0.845748,0.347233,6.73245,-0.294281,0.248849,0,5.68646,-1.86,0.284768,6.14562,-1.37263,0.182283,0,6.16,-1.31485,0.238177,6.71327,-0.776015,0.139585,0,5.57211,-1.86,0.420235,6.16845,-1.4941,0.308981,0,5.50763,-1.86,0.320346,6.14256,-1.52661,0.197078,0,6.16,-1.81393,0.074932,6.71377,-1.31966,-0.0584825,0,6.16,-0.513187,0.643171,6.77703,-0.0829284,0.562281,0,6.06277,-1.86,0.532014,6.65105,-1.45628,0.447784,0,5.51005,-1.86,0.709268,6.20737,-1.5876,0.572436,0,6.16,-0.852093,0.824194,6.75159,-0.378097,0.76871,0,6.11547,-1.86,0.239304,6.72489,-1.47672,0.12079,0,5.96623,-1.86,0.341188,6.52359,-1.42786,0.241389,0,5.75424,-1.86,0.402945,6.24978,-1.40204,0.321479,0,5.97931,-1.86,0.115011,6.50493,-1.38282,-0.0142002,0,6.11045,-1.86,0.345903,6.70269,-1.44857,0.245684,0,5.87232,-1.86,0.252521,6.39841,-1.41147,0.140076,0,5.90995,-1.86,0.626361,6.44917,-1.42006,0.560045,0,6.02426,-1.86,0.661572,6.60377,-1.4519,0.591298,0,5.8451,-1.86,0.470447,6.4344,-1.47267,0.374435,0,5.83711,-1.86,0.124389,6.30558,-1.3525,-0.0152047,0,5.70109,-1.86,0.156062,6.16506,-1.37314,0.0278006,0,6.13937,-1.86,0.44465,6.73476,-1.45313,0.354236,0,6.16,-1.13663,0.460783,6.70934,-0.564949,0.391705,0,5.97243,-1.86,0.452372,6.53385,-1.43293,0.364771,0,5.7459,-1.86,0.573284,6.27435,-1.43932,0.491533,0,
0.533345,7.00113,-2.93482,0.168071,7.68478,-2.64484,0.0530294,6.16,-1.22588,0.606201,6.7393,-0.740291,0.543962,0,6.16,-1.51681,0.0616891,6.77245,-1.12342,-0.0612939,0,6.16,-1.67488,0.53571,6.73855,-1.22262,0.463945,0,6.16,-1.83193,0.636036,6.76049,-1.42889,0.559656,0,6.16,-1.28733,0.839334,6.74744,-0.831185,0.793749,0,6.16,-1.70993,0.413992,6.75752,-1.29634,0.322661,0,6.16,-1.71206,0.265466,6.728,-1.23997,0.161426,0,6.16,-0.673094,-0.0147889,6.84008,-0.517777,-0.118049,0,6.16,-1.48291,0.356883,6.72808,-0.988497,0.269708,0,6.16,-0.845748,0.347233,6.74885,-0.345074,0.249702,0,5.68646,-1.86,0.284768,6.17094,-1.39828,0.17943,0,6.16,-1.31485,0.238177,6.73098,-0.819277,0.138585,0,5.57211,-1.86,0.420235,6.15776,-1.49127,0.311004,0,5.50763,-1.86,0.320346,6.13412,-1.52274,0.198315,0,6.16,-1.81393,0.074932,6.73537,-1.35608,-0.0547949,0,6.16,-0.513187,0.643171,6.7902,-0.136009,0.557186,0,6.06277,-1.86,0.532014,6.67478,-1.48963,0.43828,0,5.51005,-1.86,0.709268,6.19421,-1.5819,0.576435,0,6.16,-0.852093,0.824194,6.7626,-0.411035,0.762452,0,6.11547,-1.86,0.239304,6.74444,-1.50614,0.119736,0,5.96623,-1.86,0.341188,6.54803,-1.45991,0.237678,0,5.75424,-1.86,0.402945,6.28782,-1.44155,0.313474,0,5.97931,-1.86,0.115011,6.53561,-1.42331,-0.0114663,0,6.11045,-1.86,0.345903,6.72711,-1.48593,0.240381,0,5.87232,-1.86,0.252521,6.42111,-1.43803,0.138665,0,5.90995,-1.86,0.626361,6.4802,-1.45799,0.546862,0,6.02426,-1.86,0.661572,6.63199,-1.49104,0.576171,0,5.8451,-1.86,0.470447,6.44057,-1.48468,0.371685,0,5.83711,-1.86,0.124389,6.35003,-1.4034,-0.0112632,0,5.70109,-1.86,0.156062,6.19896,-1.40717,0.029154,0,6.13937,-1.86,0.44465,6.75978,-1.4919,0.34668,0,6.16,-1.13663,0.460783,6.72984,-0.621045,0.386868,0,5.97243,-1.86,0.452372,6.55128,-1.45536,0.358573,0,5.7459,-1.86,0.573284,6.29901,-1.46594,0.481337,0,
0.566679,7.00113,-2.93482,0.168071,7.69286,-2.63885,0.0530217,6.16,-1.22588,0.606201,6.76195,-0.791165,0.53279,0,6.16,-1.51681,0.0616891,6.79618,-1.16936,-0.058997,0,6.16,-1.67488,0.53571,6.76711,-1.27112,0.451588,0,6.16,-1.83193,0.636036,6.79186,-1.47568,0.541418,0,6.16,-1.28733,0.839334,6.76891,-0.881157,0.775841,0,6.16,-1.70993,0.413992,6.78333,-1.33868,0.314855,0,6.16,-1.71206,0.265466,6.75565,-1.28557,0.158148,0,6.16,-0.673094,-0.0147889,6.85698,-0.565101,-0.113002,0,6.16,-1.48291,0.356883,6.75164,-1.03507,0.264229,0,6.16,-0.845748,0.347233,6.76874,-0.399422,0.244725,0,5.68646,-1.86,0.284768,6.21007,-1.43437,0.175336,0,6.16,-1.31485,0.238177,6.75082,-0.860304,0.137671,0,5.57211,-1.86,0.420235,6.16377,-1.4984,0.309455,0,5.50763,-1.86,0.320346,6.14289,-1.53012,0.197334,0,6.16,-1.81393,0.074932,6.76102,-1.39525,-0.051425,0,6.16,-0.513187,0.643171,6.80849,-0.192073,0.54832,0,6.06277,-1.86,0.532014,6.7016,-1.52418,0.427472,0,5.51005,-1.86,0.709268,6.20313,-1.5901,0.57286,0,6.16,-0.852093,0.824194,6.77608,-0.442935,0.754733,0,6.11547,-1.86,0.239304,6.76853,-1.53915,0.117374,0,5.96623,-1.86,0.341188,6.57576,-1.49198,0.233029,0,5.75424,-1.86,0.402945,6.31296,-1.4635,0.306367,0,5.97931,-1.86,0.115011,6.56825,-1.46172,-0.00975492,0,6.11045,-1.86,0.345903,6.75404,-1.5225,0.234761,0,5.87232,-1.86,0.252521,6.45335,-1.47253,0.136259,0,5.90995,-1.86,0.626361,6.52317,-1.50583,0.530045,0,6.02426,-1.86,0.661572,6.66228,-1.52839,0.560394,0,5.8451,-1.86,0.470447,6.4399,-1.48685,0.372492,0,5.83711,-1.86,0.124389,6.3821,-1.43494,-0.0101947,0,5.70109,-1.86,0.156062,6.24294,-1.44797,0.0287388,0,6.13937,-1.86,0.44465,6.78495,-1.52715,0.337481,0,6.16,-1.13663,0.460783,6.75093,-0.669773,0.378356,0,5.97243,-1.86,0.452372,6.58848,-1.50033,0.347274,0,5.7459,-1.86,0.573284,6.33051,-1.49575,0.472643,0,
0.600013,7.0218,-2.91873,0.167535,7.71435,-2.62295,0.053,6.16,-1.22588,0.606201,6.76281,-0.810256,0.526984,0,6.16,-1.51681,0.0616891,6.8032,-1.1895,-0.0575499,0,6.16,-1.67488,0.53571,6.774,-1.2875,0.44684,0,6.16,-1.83193,0.636036,6.80034,-1.48919,0.536277,0,6.16,-1.28733,0.839334,6.76614,-0.886829,0.771984,0,6.16,-1.70993,0.413992,6.78891,-1.35108,0.312513,0,6.16,-1.71206,0.265466,6.76544,-1.30654,0.156272,0,6.16,-0.673094,-0.0147889,6.8559,-0.590241,-0.1119,0,6.16,-1.48291,0.356883,6.75669,-1.05527,0.261321,0,6.16,-0.845748,0.347233,6.76413,-0.415417,0.244488,0,5.68646,-1.86,0.284768,6.21817,-1.44787,0.175413,0,6.16,-1.31485,0.238177,6.75135,-0.876204,0.136077,0,5.57211,-1.86,0.420235,6.16245,-1.50825,0.307127,0,5.50763,-1.86,0.320346,6.1442,-1.53864,0.196934,0,6.16,-1.81393,0.074932,6.77043,-1.41239,-0.0504191,0,6.16,-0.513187,0.643171,6.80171,-0.212103,0.543905,0,6.06277,-1.86,0.532014,6.70893,-1.53507,0.424384,0,5.51005,-1.86,0.709268,6.20422,-1.59632,0.572499,0,6.16,-0.852093,0.824194,6.77341,-0.47121,0.747003,0,6.11547,-1.86,0.239304,6.77815,-1.55308,0.116112,0,5.96623,-1.86,0.341188,6.58803,-1.50973,0.230852,0,5.75424,-1.86,0.402945,6.31739,-1.47276,0.302882,0,5.97931,-1.86,0.115011,6.58074,-1.47993,-0.00912149,0,6.11045,-1.86,0.345903,6.76017,-1.53152,0.234056,0,5.87232,-1.86,0.252521,6.46858,-1.49348,0.135034,0,5.90995,-1.86,0.626361,6.53032,-1.51595,0.525325,0,6.02426,-1.86,0.661572,6.66887,-1.53798,0.5566,0,5.8451,-1.86,0.470447,6.44045,-1.49316,0.371726,0,5.83711,-1.86,0.124389,6.39089,-1.44919,-0.00963606,0,5.70109,-1.86,0.156062,6.24316,-1.45194,0.0303646,0,6.13937,-1.86,0.44465,6.78776,-1.53118,0.335602,0,6.16,-1.13663,0.460783,6.75273,-0.695131,0.377456,0,5.97243,-1.86,0.452372,6.59866,-1.51453,0.344706,0,5.7459,-1.86,0.573284,6.33915,-1.50918,0.469528,0,
0.633347,7.04186,-2.90257,0.166993,7.7261,-2.6139,0.0529996,6.16,-1.22588,0.606201,6.76705,-0.819523,0.524846,0,6.16,-1.51681,0.0616891,6.80887,-1.19935,-0.0563735,0,6.16,-1.67488,0.53571,6.77636,-1.29024,0.445538,0,6.16,-1.83193,0.636036,6.80387,-1.49348,0.535521,0,6.16,-1.28733,0.839334,6.76791,-0.890619,0.771517,0,6.16,-1.70993,0.413992,6.79137,-1.35429,0.312109,0,6.16,-1.71206,0.265466,6.79044,-1.34056,0.154098,0,6.16,-0.673094,-0.0147889,6.86109,-0.605477,-0.111719,0,6.16,-1.48291,0.356883,6.76151,-1.06386,0.260401,0,6.16,-0.845748,0.347233,6.82112,-0.548689,0.231417,0,5.68646,-1.86,0.284768,6.23715,-1.46679,0.173549,0,6.16,-1.31485,0.238177,6.75704,-0.889186,0.135498,0,5.57211,-1.86,0.420235,6.16081,-1.50376,0.310778,0,5.50763,-1.86,0.320346,6.14004,-1.5373,0.198504,0,6.16,-1.81393,0.074932,6.77677,-1.42136,-0.0493817,0,6.16,-0.513187,0.643171,6.84778,-0.326461,0.519465,0,6.06277,-1.86,0.532014,6.71049,-1.53636,0.423927,0,5.51005,-1.86,0.709268,6.20046,-1.5932,0.575827,0,6.16,-0.852093,0.824194,6.84248,-0.623465,0.696675,0,6.11547,-1.86,0.239304,6.7757,-1.5511,0.116758,0,5.96623,-1.86,0.341188,6.59488,-1.51709,0.230185,0,5.75424,-1.86,0.402945,6.39097,-1.53244,0.290267,0,5.97931,-1.86,0.115011,6.59022,-1.49074,-0.00760832,0,6.11045,-1.86,0.345903,6.76459,-1.53719,0.231928,0,5.87232,-1.86,0.252521,6.47812,-1.50311,0.135028,0,5.90995,-1.86,0.626361,6.53044,-1.51521,0.525191,0,6.02426,-1.86,0.661572,6.66308,-1.5285,0.562274,0,5.8451,-1.86,0.470447,6.43718,-1.49052,0.373461,0,5.83711,-1.86,0.124389,6.45054,-1.50086,-0.00778475,0,5.70109,-1.86,0.156062,6.24565,-1.45471,0.0310525,0,6.13937,-1.86,0.44465,6.78667,-1.52916,0.336589,0,6.16,-1.13663,0.460783,6.75779,-0.707294,0.372775,0,5.97243,-1.86,0.452372,6.6226,-1.53722,0.338231,0,5.7459,-1.86,0.573284,6.34159,-1.51091,0.469071,0,
0.666681,7.04186,-2.90257,0.166993,7.73533,-2.60693,0.0529946,6.16,-1.22588,0.606201,6.7701,-0.818169,0.528614,0,6.16,-1.51681,0.0616891,6.8106,-1.19914,-0.0539412,0,6.16,-1.67488,0.53571,6.77702,-1.28908,0.447569,0,6.16,-1.83193,0.636036,6.8072,-1.49705,0.536592,0,6.16,-1.28733,0.839334,6.77238,-0.895786,0.772429,0,6.16,-1.70993,0.413992,6.79045,-1.35077,0.313837,0,6.16,-1.71206,0.265466,6.79494,-1.34408,0.155294,0,6.16,-0.673094,-0.0147889,6.86556,-0.608579,-0.10725,0,6.16,-1.48291,0.356883,6.76266,-1.06072,0.263656,0,6.16,-0.845748,0.347233,6.83031,-0.561716,0.23347,0,5.68646,-1.86,0.284768,6.2369,-1.46237,0.17613,0,6.16,-1.31485,0.238177,6.76058,-0.890858,0.138191,0,5.57211,-1.86,0.420235,6.16127,-1.50209,0.311984,0,5.50763,-1.86,0.320346,6.14474,-1.53727,0.200156,0,6.16,-1.81393,0.074932,6.77497,-1.41636,-0.0482491,0,6.16,-0.513187,0.643171,6.85816,-0.343427,0.518772,0,6.06277,-1.86,0.532014,6.70794,-1.53161,0.427428,0,5.51005,-1.86,0.709268,6.20409,-1.59333,0.576033,0,6.16,-0.852093,0.824194,6.85038,-0.631647,0.696758,0,6.11547,-1.86,0.239304,6.77757,-1.55218,0.118705,0,5.96623,-1.86,0.341188,6.59269,-1.51254,0.231771,0,5.75424,-1.86,0.402945,6.38663,-1.52687,0.292488,0,5.97931,-1.86,0.115011,6.59058,-1.48898,-0.00598603,0,6.11045,-1.86,0.345903,6.76174,-1.53141,0.235825,0,5.87232,-1.86,0.252521,6.49272,-1.51788,0.134502,0,5.90995,-1.86,0.626361,6.53073,-1.51447,0.526967,0,6.02426,-1.86,0.661572,6.66946,-1.53757,0.55858,0,5.8451,-1.86,0.470447,6.4404,-1.49303,0.373447,0,5.83711,-1.86,0.124389,6.44898,-1.49984,-0.00445618,0,5.70109,-1.86,0.156062,6.2434,-1.44979,0.0329765,0,6.13937,-1.86,0.44465,6.78262,-1.52269,0.338625,0,6.16,-1.13663,0.460783,6.76063,-0.705639,0.375294,0,5.97243,-1.86,0.452372,6.62639,-1.53986,0.339862,0,5.7459,-1.86,0.573284,6.35172,-1.51992,0.468295,0,
0.700015,7.06176,-2.8859,0.166457,7.74686,-2.59779,0.0530025,6.16,-1.22588,0.606201,6.85734,-0.981011,0.481001,0,6.16,-1.51681,0.0616891,6.8614,-1.27797,-0.0528271,0,6.16,-1.67488,0.53571,6.82753,-1.35789,0.424894,0,6.16,-1.83193,0.636036,6.82428,-1.51549,0.525116,0,6.16,-1.28733,0.839334,6.85853,-1.04796,0.704344,0,6.16,-1.70993,0.413992,6.83322,-1.40644,0.300215,0,6.16,-1.71206,0.265466,6.80755,-1.36046,0.150975,0,6.16,-0.673094,-0.0147889,6.95808,-0.821723,-0.0940896,0,6.16,-1.48291,0.356883,6.83364,-1.17476,0.244605,0,6.16,-0.845748,0.347233,6.84757,-0.599868,0.223979,0,5.68646,-1.86,0.284768,6.32718,-1.53255,0.16608,0,6.16,-1.31485,0.238177,6.84667,-1.04116,0.126185,0,5.57211,-1.86,0.420235,6.16647,-1.50453,0.309435,0,5.50763,-1.86,0.320346,6.14874,-1.53763,0.196323,0,6.16,-1.81393,0.074932,6.79924,-1.44638,-0.0481371,0,6.16,-0.513187,0.643171,6.87658,-0.390482,0.504318,0,6.06277,-1.86,0.532014,6.73025,-1.55513,0.415921,0,5.51005,-1.86,0.709268,6.21256,-1.59751,0.572256,0,6.16,-0.852093,0.824194,6.86568,-0.664606,0.680644,0,6.11547,-1.86,0.239304,6.78557,-1.55935,0.115182,0,5.96623,-1.86,0.341188,6.62164,-1.53966,0.224707,0,5.75424,-1.86,0.402945,6.39872,-1.53567,0.28623,0,5.97931,-1.86,0.115011,6.62205,-1.5193,-0.00724796,0,6.11045,-1.86,0.345903,6.77404,-1.54473,0.230101,0,5.87232,-1.86,0.252521,6.54131,-1.56156,0.128296,0,5.90995,-1.86,0.626361,6.57362,-1.55235,0.50715,0,6.02426,-1.86,0.661572,6.69931,-1.56547,0.541804,0,5.8451,-1.86,0.470447,6.44508,-1.49606,0.37031,0,5.83711,-1.86,0.124389,6.46638,-1.51548,-0.00677613,0,5.70109,-1.86,0.156062,6.30983,-1.49716,0.0318613,0,6.13937,-1.86,0.44465,6.80506,-1.54696,0.328528,0,6.16,-1.13663,0.460783,6.85668,-0.89129,0.342896,0,5.97243,-1.86,0.452372,6.63494,-1.54686,0.335105,0,5.7459,-1.86,0.573284,6.42301,-1.57242,0.4452,0,
0.733349,7.06176,-2.8859,0.166457,7.75618,-2.59036,0.0530101,6.16,-1.22588,0.606201,6.85878,-0.983548,0.479953,0,6.16,-1.51681,0.0616891,6.86242,-1.28231,-0.0530442,0,6.16,-1.67488,0.53571,6.82712,-1.35945,0.424445,0,6.16,-1.83193,0.636036,6.82725,-1.521,0.52204,0,6.16,-1.28733,0.839334,6.85937,-1.0503,0.702742,0,6.16,-1.70993,0.413992,6.83262,-1.40752,0.299094,0,6.16,-1.71206,0.265466,6.81086,-1.36733,0.149802,0,6.16,-0.673094,-0.0147889,6.96113,-0.829344,-0.0938407,0,6.16,-1.48291,0.356883,6.8349,-1.17966,0.243151,0,6.16,-0.845748,0.347233,6.85634,-0.620794,0.222471,0,5.68646,-1.86,0.284768,6.31947,-1.5274,0.166206,0,6.16,-1.31485,0.238177,6.84893,-1.04807,0.126547,0,5.57211,-1.86,0.420235,6.16802,-1.50804,0.307096,0,5.50763,-1.86,0.320346,6.15142,-1.54006,0.195182,0,6.16,-1.81393,0.074932,6.80239,-1.4527,-0.0481982,0,6.16,-0.513187,0.643171,6.88563,-0.4146,0.498618,0,6.06277,-1.86,0.532014,6.73391,-1.55991,0.414107,0,5.51005,-1.86,0.709268,6.21329,-1.60012,0.566826,0,6.16,-0.852093,0.824194,6.87324,-0.683528,0.674166,0,6.11547,-1.86,0.239304,6.78925,-1.56455,0.114397,0,5.96623,-1.86,0.341188,6.62348,-1.54419,0.223876,0,5.75424,-1.86,0.402945,6.40116,-1.53955,0.284544,0,5.97931,-1.86,0.115011,6.62456,-1.5242,-0.00781498,0,6.11045,-1.86,0.345903,6.77723,-1.55096,0.228199,0,5.87232,-1.86,0.252521,6.54206,-1.56367,0.127078,0,5.90995,-1.86,0.626361,6.57486,-1.55556,0.506344,0,6.02426,-1.86,0.661572,6.70368,-1.56952,0.541024,0,5.8451,-1.86,0.470447,6.44722,-1.5006,0.368024,0,5.83711,-1.86,0.124389,6.46821,-1.52004,-0.00737406,0,5.70109,-1.86,0.156062,6.30291,-1.49398,0.0318728,0,6.13937,-1.86,0.44465,6.80841,-1.55268,0.326224,0,6.16,-1.13663,0.460783,6.859,-0.898332,0.340479,0,5.97243,-1.86,0.452372,6.63762,-1.5519,0.333028,0,5.7459,-1.86,0.573284,6.41803,-1.56913,0.444688,0,
0.766683,7.08127,-2.86913,0.165928,7.77669,-2.57364,0.0530387,6.16,-1.22588,0.606201,6.85247,-0.976496,0.483051,0,6.16,-1.51681,0.0616891,6.85848,-1.27768,-0.0525287,0,6.16,-1.67488,0.53571,6.82356,-1.35494,0.425677,0,6.16,-1.83193,0.636036,6.82568,-1.52005,0.523275,0,6.16,-1.28733,0.839334,6.85393,-1.04735,0.705717,0,6.16,-1.70993,0.413992,6.82946,-1.40323,0.300147,0,6.16,-1.71206,0.265466,6.80864,-1.36553,0.15078,0,6.16,-0.673094,-0.0147889,6.95619,-0.827089,-0.0925803,0,6.16,-1.48291,0.356883,6.82988,-1.17092,0.245767,0,6.16,-0.845748,0.347233,6.85142,-0.622509,0.224076,0,5.68646,-1.86,0.284768,6.32889,-1.5367,0.165838,0,6.16,-1.31485,0.238177,6.84513,-1.04511,0.128025,0,5.57211,-1.86,0.420235,6.16932,-1.51453,0.307817,0,5.50763,-1.86,0.320346,6.15318,-1.54505,0.194963,0,6.16,-1.81393,0.074932,6.80043,-1.45116,-0.0478971,0,6.16,-0.513187,0.643171,6.87973,-0.419898,0.499364,0,6.06277,-1.86,0.532014,6.73373,-1.55982,0.41508,0,5.51005,-1.86,0.709268,6.217,-1.60638,0.566452,0,6.16,-0.852093,0.824194,6.86896,-0.683973,0.675633,0,6.11547,-1.86,0.239304,6.78732,-1.56169,0.116069,0,5.96623,-1.86,0.341188,6.62469,-1.54529,0.224056,0,5.75424,-1.86,0.402945,6.40226,-1.54368,0.287538,0,5.97931,-1.86,0.115011,6.62496,-1.52572,-0.00672548,0,6.11045,-1.86,0.345903,6.77655,-1.54982,0.228611,0,5.87232,-1.86,0.252521,6.54479,-1.56688,0.128252,0,5.90995,-1.86,0.626361,6.57693,-1.55859,0.506238,0,6.02426,-1.86,0.661572,6.70277,-1.57102,0.540663,0,5.8451,-1.86,0.470447,6.44695,-1.50353,0.369925,0,5.83711,-1.86,0.124389,6.46942,-1.52221,-0.00593325,0,5.70109,-1.86,0.156062,6.30979,-1.50309,0.0327294,0,6.13937,-1.86,0.44465,6.80812,-1.5515,0.328092,0,6.16,-1.13663,0.460783,6.85318,-0.894176,0.342238,0,5.97243,-1.86,0.452372,6.63764,-1.55261,0.334434,0,5.7459,-1.86,0.573284,6.42486,-1.57719,0.443943,0,
0.800017,7.08127,-2.86913,0.165928,7.78797,-2.56411,0.0530649,6.16,-1.22588,0.606201,6.85121,-0.973847,0.484048,0,6.16,-1.51681,0.0616891,6.85788,-1.27528,-0.051385,0,6.16,-1.67488,0.53571,6.82285,-1.35373,0.426929,0,6.16,-1.83193,0.636036,6.82528,-1.51963,0.524532,0,6.16,-1.28733,0.839334,6.85382,-1.04301,0.707245,0,6.16,-1.70993,0.413992,6.8287,-1.40173,0.30134,0,6.16,-1.71206,0.265466,6.80866,-1.36544,0.151313,0,6.16,-0.673094,-0.0147889,6.95558,-0.824121,-0.0923499,0,6.16,-1.48291,0.356883,6.82835,-1.16621,0.246675,0,6.16,-0.845748,0.347233,6.85335,-0.623828,0.226103,0,5.68646,-1.86,0.284768,6.3258,-1.53614,0.166395,0,6.16,-1.31485,0.238177,6.8441,-1.04462,0.128711,0,5.57211,-1.86,0.420235,6.16782,-1.5138,0.308733,0,5.50763,-1.86,0.320346,6.15208,-1.54443,0.196357,0,6.16,-1.81393,0.074932,6.8001,-1.45003,-0.0472072,0,6.16,-0.513187,0.643171,6.88193,-0.425926,0.499937,0,6.06277,-1.86,0.532014,6.73267,-1.55961,0.415211,0,5.51005,-1.86,0.709268,6.216,-1.60312,0.567427,0,6.16,-0.852093,0.824194,6.87012,-0.685583,0.675652,0,6.11547,-1.86,0.239304,6.7864,-1.56079,0.116126,0,5.96623,-1.86,0.341188,6.62401,-1.54409,0.22504,0,5.75424,-1.86,0.402945,6.40134,-1.54317,0.288929,0,5.97931,-1.86,0.115011,6.62452,-1.52442,-0.00658902,0,6.11045,-1.86,0.345903,6.77613,-1.54891,0.229813,0,5.87232,-1.86,0.252521,6.54343,-1.56582,0.128901,0,5.90995,-1.86,0.626361,6.57629,-1.55789,0.507434,0,6.02426,-1.86,0.661572,6.70469,-1.5692,0.54287,0,5.8451,-1.86,0.470447,6.44511,-1.50357,0.37014,0,5.83711,-1.86,0.124389,6.46759,-1.52122,-0.00542227,0,5.70109,-1.86,0.156062,6.30776,-1.50243,0.0331947,0,6.13937,-1.86,0.44465,6.80787,-1.55053,0.328796,0,6.16,-1.13663,0.460783,6.85266,-0.891356,0.344152,0,5.97243,-1.86,0.452372,6.63711,-1.55138,0.334387,0,5.7459,-1.86,0.573284,6.42407,-1.57514,0.443285,0,
0.833351,7.10014,-2.85231,0.16538,7.79638,-2.55704,0.0530836,6.16,-1.22588,0.606201,6.85879,-0.975741,0.483059,0,6.16,-1.51681,0.0616891,6.86358,-1.28288,-0.051934,0,6.16,-1.67488,0.53571,6.82852,-1.35672,0.424826,0,6.16,-1.83193,0.636036,6.83101,-1.52394,0.521728,0,6.16,-1.28733,0.839334,6.86013,-1.0438,0.704968,0,6.16,-1.70993,0.413992,6.83428,-1.40515,0.300143,0,6.16,-1.71206,0.265466,6.81511,-1.37017,0.15059,0,6.16,-0.673094,-0.0147889,6.96326,-0.830553,-0.0925211,0,6.16,-1.48291,0.356883,6.83393,-1.17032,0.245346,0,6.16,-0.845748,0.347233,6.86307,-0.631942,0.225878,0,5.68646,-1.86,0.284768,6.33378,-1.53947,0.165871,0,6.16,-1.31485,0.238177,6.85093,-1.04666,0.127319,0,5.57211,-1.86,0.420235,6.1744,-1.51469,0.308561,0,5.50763,-1.86,0.320346,6.1595,-1.54493,0.195915,0,6.16,-1.81393,0.074932,6.80675,-1.45478,-0.0464706,0,6.16,-0.513187,0.643171,6.8942,-0.432539,0.495971,0,6.06277,-1.86,0.532014,6.74068,-1.56205,0.414386,0,5.51005,-1.86,0.709268,6.22254,-1.60199,0.566173,0,6.16,-0.852093,0.824194,6.87997,-0.691395,0.673088,0,6.11547,-1.86,0.239304,6.79263,-1.56531,0.11529,0,5.96623,-1.86,0.341188,6.62989,-1.54845,0.224337,0,5.75424,-1.86,0.402945,6.40811,-1.54414,0.285357,0,5.97931,-1.86,0.115011,6.63097,-1.52789,-0.00640127,0,6.11045,-1.86,0.345903,6.78252,-1.55311,0.228328,0,5.87232,-1.86,0.252521,6.55077,-1.56805,0.129147,0,5.90995,-1.86,0.626361,6.58288,-1.56057,0.50577,0,6.02426,-1.86,0.661572,6.70992,-1.57255,0.53994,0,5.8451,-1.86,0.470447,6.45178,-1.50629,0.36847,0,5.83711,-1.86,0.124389,6.47406,-1.52436,-0.00566816,0,5.70109,-1.86,0.156062,6.31569,-1.50447,0.037047,0,6.13937,-1.86,0.44465,6.81477,-1.55449,0.327857,0,6.16,-1.13663,0.460783,6.85962,-0.897593,0.340318,0,5.97243,-1.86,0.452372,6.64346,-1.55451,0.332596,0,5.7459,-1.86,0.573284,6.43137,-1.57643,0.441211,0,
0.866685,7.10701,-2.8454,0.164883,7.80407,-2.55027,0.0531099,6.16,-1.22588,0.606201,6.8631,-0.978348,0.483025,0,6.16,-1.51681,0.0616891,6.86901,-1.28255,-0.0492907,0,6.16,-1.67488,0.53571,6.83194,-1.35794,0.425139,0,6.16,-1.83193,0.636036,6.83134,-1.52236,0.522576,0,6.16,-1.28733,0.839334,6.86423,-1.04595,0.705389,0,6.16,-1.70993,0.413992,6.83756,-1.40579,0.300594,0,6.16,-1.71206,0.265466,6.819,-1.37153,0.151733,0,6.16,-0.673094,-0.0147889,6.96949,-0.832978,-0.0913535,0,6.16,-1.48291,0.356883,6.83788,-1.17366,0.246318,0,6.16,-0.845748,0.347233,6.87004,-0.638163,0.225149,0,5.68646,-1.86,0.284768,6.33614,-1.53665,0.166027,0,6.16,-1.31485,0.238177,6.85606,-1.04943,0.129011,0,5.57211,-1.86,0.420235,6.17617,-1.51209,0.307694,0,5.50763,-1.86,0.320346,6.16046,-1.54425,0.197979,0,6.16,-1.81393,0.074932,6.80656,-1.45273,-0.0464011,0,6.16,-0.513187,0.643171,6.90196,-0.437336,0.497527,0,6.06277,-1.86,0.532014,6.74294,-1.56259,0.414138,0,5.51005,-1.86,0.709268,6.22585,-1.59772,0.565504,0,6.16,-0.852093,0.824194,6.88722,-0.693624,0.672606,0,6.11547,-1.86,0.239304,6.79427,-1.56379,0.115803,0,5.96623,-1.86,0.341188,6.63306,-1.54804,0.224664,0,5.75424,-1.86,0.402945,6.4103,-1.54221,0.28464,0,5.97931,-1.86,0.115011,6.63334,-1.5282,-0.00548079,0,6.11045,-1.86,0.345903,6.78528,-1.55385,0.228868,0,5.87232,-1.86,0.252521,6.55327,-1.56683,0.129112,0,5.90995,-1.86,0.626361,6.5853,-1.55964,0.50446,0,6.02426,-1.86,0.661572,6.71371,-1.57247,0.540759,0,5.8451,-1.86,0.470447,6.45434,-1.50482,0.369013,0,5.83711,-1.86,0.124389,6.47635,-1.52335,-0.0042583,0,5.70109,-1.86,0.156062,6.31797,-1.50276,0.0354071,0,6.13937,-1.86,0.44465,6.80983,-1.54702,0.329593,0,6.16,-1.13663,0.460783,6.86636,-0.900441,0.34237,0,5.97243,-1.86,0.452372,6.64647,-1.55454,0.334339,0,5.7459,-1.86,0.573284,6.43425,-1.57489,0.442028,0,
0.900019,7.1257,-2.82763,0.16437,7.81512,-2.54043,0.053152,6.16,-1.22588,0.606201,6.86338,-0.974777,0.483546,0,6.16,-1.51681,0.0616891,6.86735,-1.27802,-0.0504963,0,6.16,-1.67488,0.53571,6.83061,-1.35304,0.425443,0,6.16,-1.83193,0.636036,6.83269,-1.52157,0.522008,0,6.16,-1.28733,0.839334,6.86468,-1.04146,0.706655,0,6.16,-1.70993,0.413992,6.83569,-1.40089,0.301024,0,6.16,-1.71206,0.265466,6.8173,-1.3672,0.151196,0,6.16,-0.673094,-0.0147889,6.9682,-0.824508,-0.0917071,0,6.16,-1.48291,0.356883,6.83775,-1.16859,0.246148,0,6.16,-0.845748,0.347233,6.87288,-0.636899,0.225613,0,5.68646,-1.86,0.284768,6.33697,-1.53396,0.166531,0,6.16,-1.31485,0.238177,6.85699,-1.04502,0.128498,0,5.57211,-1.86,0.420235,6.17071,-1.50596,0.309709,0,5.50763,-1.86,0.320346,6.16361,-1.54477,0.197793,0,6.16,-1.81393,0.074932,6.8076,-1.45139,-0.0462941,0,6.16,-0.513187,0.643171,6.90228,-0.429193,0.498544,0,6.06277,-1.86,0.532014,6.74212,-1.56111,0.413787,0,5.51005,-1.86,0.709268,6.2178,-1.58887,0.567786,0,6.16,-0.852093,0.824194,6.88468,-0.68664,0.675748,0,6.11547,-1.86,0.239304,6.79168,-1.55857,0.115046,0,5.96623,-1.86,0.341188,6.63536,-1.54864,0.224705,0,5.75424,-1.86,0.402945,6.41072,-1.54019,0.286932,0,5.97931,-1.86,0.115011,6.63659,-1.52948,-0.00510436,0,6.11045,-1.86,0.345903,6.78637,-1.5531,0.228039,0,5.87232,-1.86,0.252521,6.5498,-1.56077,0.128892,0,5.90995,-1.86,0.626361,6.58623,-1.5581,0.504599,0,6.02426,-1.86,0.661572,6.71013,-1.56804,0.541035,0,5.8451,-1.86,0.470447,6.44814,-1.49885,0.370571,0,5.83711,-1.86,0.124389,6.48203,-1.52621,-0.00407703,0,5.70109,-1.86,0.156062,6.32515,-1.50582,0.0354464,0,6.13937,-1.86,0.44465,6.80944,-1.54311,0.329745,0,6.16,-1.13663,0.460783,6.86708,-0.896799,0.343044,0,5.97243,-1.86,0.452372,6.64593,-1.5509,0.333998,0,5.7459,-1.86,0.573284,6.43232,-1.57278,0.443794,0,
0.933353,7.1257,-2.82763,0.16437,7.82371,-2.53254,0.0531921,6.16,-1.22588,0.606201,6.86295,-0.970381,0.483317,0,6.16,-1.51681,0.0616891,6.86603,-1.27511,-0.0528187,0,6.16,-1.67488,0.53571,6.82942,-1.34808,0.42518,0,6.16,-1.83193,0.636036,6.82875,-1.51897,0.519005,0,6.16,-1.28733,0.839334,6.86267,-1.03942,0.706831,0,6.16,-1.70993,0.413992,6.83414,-1.3967,0.300469,0,6.16,-1.71206,0.265466,6.81595,-1.36447,0.150035,0,6.16,-0.673094,-0.0147889,6.96836,-0.820814,-0.0933197,0,6.16,-1.48291,0.356883,6.83636,-1.16587,0.246044,0,6.16,-0.845748,0.347233,6.87411,-0.633984,0.222873,0,5.68646,-1.86,0.284768,6.32512,-1.52513,0.166789,0,6.16,-1.31485,0.238177,6.85516,-1.04012,0.128074,0,5.57211,-1.86,0.420235,6.18201,-1.51064,0.306047,0,5.50763,-1.86,0.320346,6.1454,-1.53239,0.19879,0,6.16,-1.81393,0.074932,6.80424,-1.44828,-0.0479677,0,6.16,-0.513187,0.643171,6.90855,-0.42724,0.496124,0,6.06277,-1.86,0.532014,6.73503,-1.55426,0.414473,0,5.51005,-1.86,0.709268,6.20381,-1.57856,0.571313,0,6.16,-0.852093,0.824194,6.88587,-0.683931,0.670926,0,6.11547,-1.86,0.239304,6.78887,-1.55491,0.114232,0,5.96623,-1.86,0.341188,6.62767,-1.54081,0.225018,0,5.75424,-1.86,0.402945,6.40055,-1.5294,0.286804,0,5.97931,-1.86,0.115011,6.6289,-1.521,-0.0072838,0,6.11045,-1.86,0.345903,6.78006,-1.54639,0.22747,0,5.87232,-1.86,0.252521,6.53907,-1.55044,0.129045,0,5.90995,-1.86,0.626361,6.57661,-1.54781,0.505701,0,6.02426,-1.86,0.661572,6.70132,-1.55661,0.545128,0,5.8451,-1.86,0.470447,6.44461,-1.49546,0.369135,0,5.83711,-1.86,0.124389,6.47574,-1.51999,-0.00529779,0,5.70109,-1.86,0.156062,6.31293,-1.4942,0.0370158,0,6.13937,-1.86,0.44465,6.80487,-1.5383,0.32951,0,6.16,-1.13663,0.460783,6.86694,-0.890956,0.338566,0,5.97243,-1.86,0.452372,6.63906,-1.54384,0.33582,0,5.7459,-1.86,0.573284,6.42936,-1.56797,0.440793,0,
0.966688,7.14375,-2.80943,0.163867,7.84272,-2.5143,0.0533057,6.16,-1.22588,0.606201,6.85895,-0.977423,0.480912,0,6.16,-1.51681,0.0616891,6.86631,-1.28278,-0.0521328,0,6.16,-1.67488,0.53571,6.83048,-1.35608,0.423242,0,6.16,-1.83193,0.636036,6.83271,-1.52624,0.516502,0,6.16,-1.28733,0.839334,6.8595,-1.04678,0.705243,0,6.16,-1.70993,0.413992,6.83691,-1.40398,0.299092,0,6.16,-1.71206,0.265466,6.81862,-1.37195,0.149781,0,6.16,-0.673094,-0.0147889,6.9604,-0.818884,-0.0936336,0,6.16,-1.48291,0.356883,6.83531,-1.17373,0.244688,0,6.16,-0.845748,0.347233,6.86635,-0.632004,0.22617,0,5.68646,-1.86,0.284768,6.33296,-1.53712,0.164096,0,6.16,-1.31485,0.238177,6.85296,-1.04739,0.127882,0,5.57211,-1.86,0.420235,6.18728,-1.52346,0.304799,0,5.50763,-1.86,0.320346,6.15388,-1.5465,0.196396,0,6.16,-1.81393,0.074932,6.80886,-1.45509,-0.0473856,0,6.16,-0.513187,0.643171,6.89135,-0.423897,0.499804,0,6.06277,-1.86,0.532014,6.74134,-1.56094,0.413316,0,5.51005,-1.86,0.709268,6.21133,-1.59072,0.567931,0,6.16,-0.852093,0.824194,6.8752,-0.686564,0.671031,0,6.11547,-1.86,0.239304,6.79366,-1.56309,0.114334,0,5.96623,-1.86,0.341188,6.63368,-1.54961,0.223268,0,5.75424,-1.86,0.402945,6.4047,-1.54352,0.28153,0,5.97931,-1.86,0.115011,6.63406,-1.53069,-0.00657684,0,6.11045,-1.86,0.345903,6.78562,-1.55372,0.227096,0,5.87232,-1.86,0.252521,6.54463,-1.56123,0.128635,0,5.90995,-1.86,0.626361,6.58225,-1.55808,0.50482,0,6.02426,-1.86,0.661572,6.70529,-1.56506,0.542499,0,5.8451,-1.86,0.470447,6.44925,-1.5072,0.366747,0,5.83711,-1.86,0.124389,6.48184,-1.53167,-0.00569282,0,5.70109,-1.86,0.156062,6.32034,-1.50721,0.0341942,0,6.13937,-1.86,0.44465,6.80952,-1.54595,0.327917,0,6.16,-1.13663,0.460783,6.86302,-0.898314,0.341939,0,5.97243,-1.86,0.452372,6.64434,-1.55305,0.333451,0,5.7459,-1.86,0.573284,6.4354,-1.57916,0.439184,0,
1.00002,7.14375,-2.80943,0.163867,7.85307,-2.50391,0.0533822,6.16,-1.22588,0.606201,6.8594,-0.979602,0.481609,0,6.16,-1.51681,0.0616891,6.86731,-1.28539,-0.053293,0,6.16,-1.67488,0.53571,6.83189,-1.35872,0.422805,0,6.16,-1.83193,0.636036,6.83422,-1.52881,0.514676,0,6.16,-1.28733,0.839334,6.85876,-1.0494,0.704352,0,6.16,-1.70993,0.413992,6.83797,-1.40731,0.298865,0,6.16,-1.71206,0.265466,6.81952,-1.37537,0.149699,0,6.16,-0.673094,-0.0147889,6.95931,-0.820838,-0.0922899,0,6.16,-1.48291,0.356883,6.83479,-1.17696,0.243233,0,6.16,-0.845748,0.347233,6.85919,-0.629079,0.222098,0,5.68646,-1.86,0.284768,6.33551,-1.54289,0.165005,0,6.16,-1.31485,0.238177,6.85253,-1.05005,0.127172,0,5.57211,-1.86,0.420235,6.19451,-1.52983,0.301516,0,5.50763,-1.86,0.320346,6.15677,-1.55028,0.195361,0,6.16,-1.81393,0.074932,6.80995,-1.45881,-0.0472676,0,6.16,-0.513187,0.643171,6.88959,-0.412794,0.501074,0,6.06277,-1.86,0.532014,6.74169,-1.56571,0.411494,0,5.51005,-1.86,0.709268,6.21523,-1.59359,0.565913,0,6.16,-0.852093,0.824194,6.87199,-0.683568,0.670881,0,6.11547,-1.86,0.239304,6.79611,-1.5666,0.114147,0,5.96623,-1.86,0.341188,6.63676,-1.55271,0.222128,0,5.75424,-1.86,0.402945,6.4108,-1.54757,0.279575,0,5.97931,-1.86,0.115011,6.63774,-1.53345,-0.00792263,0,6.11045,-1.86,0.345903,6.78739,-1.55733,0.226384,0,5.87232,-1.86,0.252521,6.5479,-1.56561,0.127806,0,5.90995,-1.86,0.626361,6.58476,-1.56091,0.500961,0,6.02426,-1.86,0.661572,6.70805,-1.56707,0.539305,0,5.8451,-1.86,0.470447,6.45385,-1.51085,0.36657,0,5.83711,-1.86,0.124389,6.48539,-1.53628,-0.00607309,0,5.70109,-1.86,0.156062,6.32364,-1.51225,0.0342523,0,6.13937,-1.86,0.44465,6.81117,-1.54951,0.326676,0,6.16,-1.13663,0.460783,6.86345,-0.899286,0.338561,0,5.97243,-1.86,0.452372,6.64596,-1.55885,0.334028,0,5.7459,-1.86,0.573284,6.44006,-1.58394,0.440484,0,
1.03336,7.16188,-2.79057,0.16335,7.86163,-2.49558,0.0534371,6.16,-1.22588,0.606201,6.86168,-0.979444,0.480946,0,6.16,-1.51681,0.0616891,6.86918,-1.28789,-0.0523144,0,6.16,-1.67488,0.53571,6.83511,-1.36316,0.42155,0,6.16,-1.83193,0.636036,6.83801,-1.5323,0.512512,0,6.16,-1.28733,0.839334,6.86199,-1.05355,0.702775,0,6.16,-1.70993,0.413992,6.84203,-1.41111,0.297493,0,6.16,-1.71206,0.265466,6.82356,-1.37935,0.148716,0,6.16,-0.673094,-0.0147889,6.96225,-0.823969,-0.0930716,0,6.16,-1.48291,0.356883,6.83914,-1.18082,0.243087,0,6.16,-0.845748,0.347233,6.865,-0.633495,0.224858,0,5.68646,-1.86,0.284768,6.34257,-1.54757,0.165067,0,6.16,-1.31485,0.238177,6.85599,-1.05457,0.126936,0,5.57211,-1.86,0.420235,6.20128,-1.53356,0.302523,0,5.50763,-1.86,0.320346,6.16398,-1.55343,0.194753,0,6.16,-1.81393,0.074932,6.81409,-1.46297,-0.0469548,0,6.16,-0.513187,0.643171,6.89247,-0.411562,0.502899,0,6.06277,-1.86,0.532014,6.74793,-1.56839,0.410373,0,5.51005,-1.86,0.709268,6.22227,-1.59536,0.563808,0,6.16,-0.852093,0.824194,6.87594,-0.688679,0.669412,0,6.11547,-1.86,0.239304,6.80059,-1.57048,0.114396,0,5.96623,-1.86,0.341188,6.64208,-1.55613,0.221483,0,5.75424,-1.86,0.402945,6.41414,-1.55093,0.279541,0,5.97931,-1.86,0.115011,6.64166,-1.53801,-0.00632314,0,6.11045,-1.86,0.345903,6.79182,-1.56136,0.224767,0,5.87232,-1.86,0.252521,6.5529,-1.5699,0.128052,0,5.90995,-1.86,0.626361,6.5898,-1.56592,0.50286,0,6.02426,-1.86,0.661572,6.71151,-1.57212,0.538835,0,5.8451,-1.86,0.470447,6.45772,-1.51532,0.364988,0,5.83711,-1.86,0.124389,6.49207,-1.53797,-0.00559697,0,5.70109,-1.86,0.156062,6.32944,-1.51765,0.0317732,0,6.13937,-1.86,0.44465,6.81557,-1.55342,0.326053,0,6.16,-1.13663,0.460783,6.86472,-0.899888,0.341134,0,5.97243,-1.86,0.452372,6.65226,-1.56105,0.330708,0,5.7459,-1.86,0.573284,6.44642,-1.58576,0.438144,0,
1.06669,7.16188,-2.79057,0.16335,7.87195,-2.48493,0.0535228,6.16,-1.22588,0.606201,6.85988,-0.984775,0.479624,0,6.16,-1.51681,0.0616891,6.86988,-1.29139,-0.0522188,0,6.16,-1.67488,0.53571,6.83492,-1.36684,0.420006,0,6.16,-1.83193,0.636036,6.83799,-1.5357,0.511184,0,6.16,-1.28733,0.839334,6.86161,-1.05732,0.700543,0,6.16,-1.70993,0.413992,6.84217,-1.41472,0.296351,0,6.16,-1.71206,0.265466,6.82341,-1.38333,0.147048,0,6.16,-0.673094,-0.0147889,6.96152,-0.828971,-0.0936949,0,6.16,-1.48291,0.356883,6.83882,-1.18517,0.242136,0,6.16,-0.845748,0.347233,6.86338,-0.638363,0.223332,0,5.68646,-1.86,0.284768,6.34225,-1.55083,0.163054,0,6.16,-1.31485,0.238177,6.85555,-1.05925,0.126165,0,5.57211,-1.86,0.420235,6.20095,-1.53875,0.299422,0,5.50763,-1.86,0.320346,6.16301,-1.55854,0.193171,0,6.16,-1.81393,0.074932,6.81423,-1.46683,-0.0477651,0,6.16,-0.513187,0.643171,6.89003,-0.4152,0.501866,0,6.06277,-1.86,0.532014,6.74668,-1.57195,0.407948,0,5.51005,-1.86,0.709268,6.2219,-1.59925,0.561744,0,6.16,-0.852093,0.824194,6.87492,-0.695514,0.666577,0,6.11547,-1.86,0.239304,6.80122,-1.57361,0.113265,0,5.96623,-1.86,0.341188,6.64172,-1.56062,0.220207,0,5.75424,-1.86,0.402945,6.41486,-1.55494,0.278059,0,5.97931,-1.86,0.115011,6.64214,-1.54233,-0.00761183,0,6.11045,-1.86,0.345903,6.79198,-1.56504,0.224148,0,5.87232,-1.86,0.252521,6.55496,-1.57083,0.125894,0,5.90995,-1.86,0.626361,6.59001,-1.56891,0.499663,0,6.02426,-1.86,0.661572,6.71136,-1.57559,0.535851,0,5.8451,-1.86,0.470447,6.45822,-1.51988,0.363298,0,5.83711,-1.86,0.124389,6.49181,-1.54076,-0.00699616,0,5.70109,-1.86,0.156062,6.33019,-1.52213,0.029604,0,6.13937,-1.86,0.44465,6.81557,-1.55674,0.324047,0,6.16,-1.13663,0.460783,6.86218,-0.90437,0.341377,0,5.97243,-1.86,0.452372,6.65193,-1.56328,0.329837,0,5.7459,-1.86,0.573284,6.44594,-1.58862,0.43653,0,
1.10002,7.17968,-2.7717,0.162844,7.88028,-2.47677,0.0535778,6.16,-1.22588,0.606201,6.86357,-0.980417,0.481107,0,6.16,-1.51681,0.0616891,6.86943,-1.28847,-0.0519246,0,6.16,-1.67488,0.53571,6.83524,-1.36366,0.422099,0,6.16,-1.83193,0.636036,6.83726,-1.53362,0.512908,0,6.16,-1.28733,0.839334,6.86256,-1.05481,0.702722,0,6.16,-1.70993,0.413992,6.84226,-1.4115,0.298262,0,6.16,-1.71206,0.265466,6.82331,-1.38002,0.148847,0,6.16,-0.673094,-0.0147889,6.96199,-0.821982,-0.092345,0,6.16,-1.48291,0.356883,6.83926,-1.18181,0.243063,0,6.16,-0.845748,0.347233,6.86462,-0.632533,0.22472,0,5.68646,-1.86,0.284768,6.34396,-1.5449,0.164042,0,6.16,-1.31485,0.238177,6.85913,-1.05402,0.126997,0,5.57211,-1.86,0.420235,6.20316,-1.53581,0.302134,0,5.50763,-1.86,0.320346,6.16552,-1.55608,0.195116,0,6.16,-1.81393,0.074932,6.81352,-1.46387,-0.0467551,0,6.16,-0.513187,0.643171,6.89149,-0.406963,0.505813,0,6.06277,-1.86,0.532014,6.74641,-1.5699,0.408713,0,5.51005,-1.86,0.709268,6.22479,-1.59653,0.563939,0,6.16,-0.852093,0.824194,6.87761,-0.690724,0.670655,0,6.11547,-1.86,0.239304,6.80014,-1.57138,0.114377,0,5.96623,-1.86,0.341188,6.64158,-1.55894,0.221939,0,5.75424,-1.86,0.402945,6.41575,-1.55044,0.281004,0,5.97931,-1.86,0.115011,6.64182,-1.53935,-0.00687777,0,6.11045,-1.86,0.345903,6.79164,-1.56204,0.224869,0,5.87232,-1.86,0.252521,6.55346,-1.56777,0.127447,0,5.90995,-1.86,0.626361,6.58967,-1.56586,0.500862,0,6.02426,-1.86,0.661572,6.71048,-1.57382,0.537547,0,5.8451,-1.86,0.470447,6.45691,-1.51842,0.363641,0,5.83711,-1.86,0.124389,6.49238,-1.53795,-0.00532543,0,5.70109,-1.86,0.156062,6.3303,-1.51819,0.0339492,0,6.13937,-1.86,0.44465,6.81468,-1.5546,0.32549,0,6.16,-1.13663,0.460783,6.86489,-0.901302,0.344344,0,5.97243,-1.86,0.452372,6.65132,-1.5614,0.331143,0,5.7459,-1.86,0.573284,6.4472,-1.5863,0.43898,0,
1.13336,7.19652,-2.75305,0.162347,7.89045,-2.46613,0.0536667,6.16,-1.22588,0.606201,6.86493,-0.98008,0.482272,0,6.16,-1.51681,0.0616891,6.87086,-1.28877,-0.0513135,0,6.16,-1.67488,0.53571,6.83689,-1.36391,0.422015,0,6.16,-1.83193,0.636036,6.83861,-1.53415,0.513022,0,6.16,-1.28733,0.839334,6.86437,-1.05409,0.701844,0,6.16,-1.70993,0.413992,6.844,-1.41149,0.297372,0,6.16,-1.71206,0.265466,6.82499,-1.38026,0.149091,0,6.16,-0.673094,-0.0147889,6.96095,-0.817582,-0.0925825,0,6.16,-1.48291,0.356883,6.84086,-1.18209,0.244104,0,6.16,-0.845748,0.347233,6.86411,-0.628521,0.226016,0,5.68646,-1.86,0.284768,6.34377,-1.54302,0.165117,0,6.16,-1.31485,0.238177,6.85991,-1.05401,0.126351,0,5.57211,-1.86,0.420235,6.20193,-1.53494,0.30222,0,5.50763,-1.86,0.320346,6.16446,-1.55414,0.195287,0,6.16,-1.81393,0.074932,6.81564,-1.46343,-0.0463229,0,6.16,-0.513187,0.643171,6.88983,-0.400013,0.507107,0,6.06277,-1.86,0.532014,6.74841,-1.56943,0.410345,0,5.51005,-1.86,0.709268,6.226,-1.59381,0.564952,0,6.16,-0.852093,0.824194,6.87727,-0.687243,0.671532,0,6.11547,-1.86,0.239304,6.80144,-1.57183,0.11483,0,5.96623,-1.86,0.341188,6.64337,-1.55768,0.222177,0,5.75424,-1.86,0.402945,6.41479,-1.55124,0.280021,0,5.97931,-1.86,0.115011,6.64276,-1.539,-0.00581672,0,6.11045,-1.86,0.345903,6.79316,-1.562,0.226024,0,5.87232,-1.86,0.252521,6.55499,-1.56882,0.127362,0,5.90995,-1.86,0.626361,6.591,-1.5658,0.501948,0,6.02426,-1.86,0.661572,6.71286,-1.5727,0.538483,0,5.8451,-1.86,0.470447,6.45765,-1.51885,0.36324,0,5.83711,-1.86,0.124389,6.49351,-1.53788,-0.00433814,0,5.70109,-1.86,0.156062,6.32961,-1.51828,0.0331155,0,6.13937,-1.86,0.44465,6.8161,-1.55518,0.326766,0,6.16,-1.13663,0.460783,6.86595,-0.900566,0.343674,0,5.97243,-1.86,0.452372,6.65301,-1.56121,0.330651,0,5.7459,-1.86,0.573284,6.44887,-1.58543,0.440389,0,
1.16669,7.19652,-2.75305,0.162347,7.89797,-2.45821,0.0537342,6.16,-1.22588,0.606201,6.86651,-0.980239,0.481534,0,6.16,-1.51681,0.0616891,6.87286,-1.28834,-0.0518241,0,6.16,-1.67488,0.53571,6.83768,-1.3641,0.421594,0,6.16,-1.83193,0.636036,6.83851,-1.53403,0.511547,0,6.16,-1.28733,0.839334,6.86611,-1.05361,0.70055,0,6.16,-1.70993,0.413992,6.8448,-1.41159,0.297,0,6.16,-1.71206,0.265466,6.82574,-1.38043,0.148028,0,6.16,-0.673094,-0.0147889,6.9622,-0.814026,-0.0935144,0,6.16,-1.48291,0.356883,6.84196,-1.18227,0.242254,0,6.16,-0.845748,0.347233,6.86476,-0.626083,0.224453,0,5.68646,-1.86,0.284768,6.34386,-1.54324,0.163294,0,6.16,-1.31485,0.238177,6.8614,-1.05435,0.125677,0,5.57211,-1.86,0.420235,6.20237,-1.53227,0.300346,0,5.50763,-1.86,0.320346,6.16419,-1.55156,0.192737,0,6.16,-1.81393,0.074932,6.8159,-1.46391,-0.0472144,0,6.16,-0.513187,0.643171,6.89145,-0.393797,0.507356,0,6.06277,-1.86,0.532014,6.74836,-1.56884,0.409244,0,5.51005,-1.86,0.709268,6.22606,-1.59024,0.562815,0,6.16,-0.852093,0.824194,6.88139,-0.682858,0.675137,0,6.11547,-1.86,0.239304,6.80144,-1.57184,0.113318,0,5.96623,-1.86,0.341188,6.64312,-1.55645,0.220651,0,5.75424,-1.86,0.402945,6.41511,-1.55103,0.277509,0,5.97931,-1.86,0.115011,6.64305,-1.53836,-0.00711261,0,6.11045,-1.86,0.345903,6.79346,-1.56171,0.22479,0,5.87232,-1.86,0.252521,6.55541,-1.5678,0.126252,0,5.90995,-1.86,0.626361,6.59075,-1.56483,0.50024,0,6.02426,-1.86,0.661572,6.71259,-1.57167,0.537611,0,5.8451,-1.86,0.470447,6.45771,-1.51656,0.363405,0,5.83711,-1.86,0.124389,6.49477,-1.53593,-0.00790568,0,5.70109,-1.86,0.156062,6.33036,-1.51598,0.0323293,0,6.13937,-1.86,0.44465,6.81617,-1.55523,0.326241,0,6.16,-1.13663,0.460783,6.86883,-0.899769,0.342244,0,5.97243,-1.86,0.452372,6.65302,-1.56022,0.329605,0,5.7459,-1.86,0.573284,6.4481,-1.58437,0.437494,0,
1.20003,7.20272,-2.74526,0.161873,7.90483,-2.45071,0.0538044,6.16,-1.22588,0.606201,6.86893,-0.977404,0.480958,0,6.16,-1.51681,0.0616891,6.87265,-1.28684,-0.0518522,0,6.16,-1.67488,0.53571,6.83748,-1.36191,0.420781,0,6.16,-1.83193,0.636036,6.8377,-1.5326,0.512571,0,6.16,-1.28733,0.839334,6.8667,-1.05225,0.701126,0,6.16,-1.70993,0.413992,6.84456,-1.40975,0.297526,0,6.16,-1.71206,0.265466,6.82524,-1.37876,0.148216,0,6.16,-0.673094,-0.0147889,6.9622,-0.809383,-0.0942305,0,6.16,-1.48291,0.356883,6.84241,-1.18049,0.243025,0,6.16,-0.845748,0.347233,6.86662,-0.621416,0.225543,0,5.68646,-1.86,0.284768,6.34346,-1.541,0.163263,0,6.16,-1.31485,0.238177,6.86183,-1.0529,0.125715,0,5.57211,-1.86,0.420235,6.20038,-1.52901,0.301077,0,5.50763,-1.86,0.320346,6.16311,-1.54738,0.19297,0,6.16,-1.81393,0.074932,6.81494,-1.46255,-0.0473741,0,6.16,-0.513187,0.643171,6.89304,-0.386129,0.508729,0,6.06277,-1.86,0.532014,6.74718,-1.56729,0.409612,0,5.51005,-1.86,0.709268,6.2256,-1.58664,0.56325,0,6.16,-0.852093,0.824194,6.88246,-0.676401,0.676159,0,6.11547,-1.86,0.239304,6.80051,-1.56981,0.113411,0,5.96623,-1.86,0.341188,6.6419,-1.55483,0.220923,0,5.75424,-1.86,0.402945,6.41531,-1.54611,0.28015,0,5.97931,-1.86,0.115011,6.64177,-1.53648,-0.00768285,0,6.11045,-1.86,0.345903,6.79186,-1.56049,0.224012,0,5.87232,-1.86,0.252521,6.55529,-1.56344,0.12697,0,5.90995,-1.86,0.626361,6.58975,-1.56295,0.501399,0,6.02426,-1.86,0.661572,6.71185,-1.56957,0.537895,0,5.8451,-1.86,0.470447,6.45438,-1.51557,0.361712,0,5.83711,-1.86,0.124389,6.49236,-1.53529,-0.00631278,0,5.70109,-1.86,0.156062,6.32779,-1.51385,0.0303595,0,6.13937,-1.86,0.44465,6.81496,-1.55352,0.326108,0,6.16,-1.13663,0.460783,6.86993,-0.897879,0.341727,0,5.97243,-1.86,0.452372,6.65196,-1.55792,0.328995,0,5.7459,-1.86,0.573284,6.44794,-1.58142,0.438594,0,
1.23336,7.2196,-2.7255,0.161388,7.92252,-2.43105,0.0539959,6.16,-1.22588,0.606201,6.86431,-0.979931,0.48068,0,6.16,-1.51681,0.0616891,6.87176,-1.28883,-0.0513711,0,6.16,-1.67488,0.53571,6.83702,-1.36469,0.421334,0,6.16,-1.83193,0.636036,6.83874,-1.53467,0.511477,0,6.16,-1.28733,0.839334,6.86339,-1.05467,0.70112,0,6.16,-1.70993,0.413992,6.84478,-1.41192,0.297093,0,6.16,-1.71206,0.265466,6.82542,-1.38097,0.148612,0,6.16,-0.673094,-0.0147889,6.95738,-0.810701,-0.0928511,0,6.16,-1.48291,0.356883,6.84047,-1.18296,0.243443,0,6.16,-0.845748,0.347233,6.85893,-0.621333,0.227453,0,5.68646,-1.86,0.284768,6.34557,-1.5464,0.163169,0,6.16,-1.31485,0.238177,6.85869,-1.05521,0.126339,0,5.57211,-1.86,0.420235,6.20206,-1.53753,0.300517,0,5.50763,-1.86,0.320346,6.1651,-1.55455,0.193973,0,6.16,-1.81393,0.074932,6.81621,-1.46439,-0.0468192,0,6.16,-0.513187,0.643171,6.88442,-0.388351,0.510092,0,6.06277,-1.86,0.532014,6.74977,-1.56949,0.409924,0,5.51005,-1.86,0.709268,6.22865,-1.59269,0.561981,0,6.16,-0.852093,0.824194,6.87466,-0.676932,0.679817,0,6.11547,-1.86,0.239304,6.80223,-1.57223,0.113791,0,5.96623,-1.86,0.341188,6.64368,-1.55905,0.220943,0,5.75424,-1.86,0.402945,6.41475,-1.55295,0.278273,0,5.97931,-1.86,0.115011,6.64363,-1.5401,-0.0070947,0,6.11045,-1.86,0.345903,6.79406,-1.56286,0.224643,0,5.87232,-1.86,0.252521,6.55648,-1.56817,0.126777,0,5.90995,-1.86,0.626361,6.59124,-1.56722,0.500175,0,6.02426,-1.86,0.661572,6.71349,-1.57285,0.537252,0,5.8451,-1.86,0.470447,6.45817,-1.52023,0.364138,0,5.83711,-1.86,0.124389,6.49502,-1.54059,-0.00628655,0,5.70109,-1.86,0.156062,6.33039,-1.5204,0.0315345,0,6.13937,-1.86,0.44465,6.81616,-1.55629,0.325677,0,6.16,-1.13663,0.460783,6.86548,-0.900429,0.343362,0,5.97243,-1.86,0.452372,6.65374,-1.56189,0.329416,0,5.7459,-1.86,0.573284,6.44971,-1.58622,0.438298,0,
1.26669,7.2196,-2.7255,0.161388,7.93215,-2.41991,0.0541139,6.16,-1.22588,0.606201,6.86224,-0.979212,0.48376,0,6.16,-1.51681,0.0616891,6.86956,-1.28722,-0.0509513,0,6.16,-1.67488,0.53571,6.83484,-1.36353,0.422509,0,6.16,-1.83193,0.636036,6.8361,-1.5345,0.512661,0,6.16,-1.28733,0.839334,6.86126,-1.05391,0.703178,0,6.16,-1.70993,0.413992,6.84266,-1.41066,0.298232,0,6.16,-1.71206,0.265466,6.82318,-1.37958,0.149132,0,6.16,-0.673094,-0.0147889,6.95571,-0.808465,-0.0915196,0,6.16,-1.48291,0.356883,6.83826,-1.18172,0.245864,0,6.16,-0.845748,0.347233,6.85637,-0.619982,0.228264,0,5.68646,-1.86,0.284768,6.34324,-1.54557,0.163355,0,6.16,-1.31485,0.238177,6.85665,-1.05358,0.128313,0,5.57211,-1.86,0.420235,6.19985,-1.53822,0.30005,1,5.50763,-1.86,0.320346,6.16354,-1.55381,0.194097,1,6.16,-1.81393,0.074932,6.81384,-1.46315,-0.0465688,0,6.16,-0.513187,0.643171,6.88207,-0.38695,0.512234,0,6.06277,-1.86,0.532014,6.74675,-1.56948,0.410246,0,5.51005,-1.86,0.709268,6.22683,-1.59282,0.562202,1,6.16,-0.852093,0.824194,6.87196,-0.67679,0.682046,0,6.11547,-1.86,0.239304,6.80118,-1.56982,0.114772,0,5.96623,-1.86,0.341188,6.64151,-1.55849,0.221493,0,5.75424,-1.86,0.402945,6.41357,-1.55426,0.27814,0,5.97931,-1.86,0.115011,6.64115,-1.53948,-0.00651636,0,6.11045,-1.86,0.345903,6.79145,-1.56209,0.224961,0,5.87232,-1.86,0.252521,6.55516,-1.56803,0.127392,0,5.90995,-1.86,0.626361,6.58899,-1.56744,0.501642,0,6.02426,-1.86,0.661572,6.71129,-1.57301,0.538606,0,5.8451,-1.86,0.470447,6.45403,-1.51989,0.364694,0,5.83711,-1.86,0.124389,6.49258,-1.53911,-0.00643623,0,5.70109,-1.86,0.156062,6.32696,-1.52062,0.0307901,0,6.13937,-1.86,0.44465,6.81363,-1.55625,0.327572,0,6.16,-1.13663,0.460783,6.86378,-0.898741,0.344766,0,5.97243,-1.86,0.452372,6.65154,-1.56166,0.330427,0,5.7459,-1.86,0.573284,6.44738,-1.58641,0.437429,0,
1.30003,7.23589,-2.70575,0.160905,7.93961,-2.4114,0.0542015,6.16,-1.22588,0.606201,6.85724,-0.968529,0.486058,0,6.16,-1.51681,0.0616891,6.86267,-1.27769,-0.0521119,0,6.16,-1.67488,0.53571,6.82889,-1.35399,0.425698,0,6.16,-1.83193,0.636036,6.8297,-1.52617,0.516099,0,6.16,-1.28733,0.839334,6.85786,-1.04303,0.707367,0,6.16,-1.70993,0.413992,6.83606,-1.40148,0.30092,0,6.16,-1.71206,0.265466,6.81591,-1.37058,0.149873,0,6.16,-0.673094,-0.0147889,6.9517,-0.796753,-0.0923063,0,6.16,-1.48291,0.356883,6.83266,-1.17088,0.246856,0,6.16,-0.845748,0.347233,6.85342,-0.607617,0.228828,0,5.68646,-1.86,0.284768,6.33603,-1.53969,0.165195,0,6.16,-1.31485,0.238177,6.85139,-1.04251,0.128825,0,5.57211,-1.86,0.420235,6.19068,-1.53803,0.300914,1,5.50763,-1.86,0.320346,6.15583,-1.55017,0.194909,1,6.16,-1.81393,0.074932,6.80583,-1.45529,-0.0470756,0,6.16,-0.513187,0.643171,6.88304,-0.373292,0.513777,0,6.06277,-1.86,0.532014,6.74019,-1.56198,0.413142,0,5.51005,-1.86,0.709268,6.22239,-1.58504,0.563676,1,6.16,-0.852093,0.824194,6.87129,-0.663423,0.683117,0,6.11547,-1.86,0.239304,6.79268,-1.56233,0.114755,0,5.96623,-1.86,0.341188,6.63436,-1.55029,0.222718,0,5.75424,-1.86,0.402945,6.4066,-1.5466,0.280066,0,5.97931,-1.86,0.115011,6.63365,-1.53207,-0.00625651,0,6.11045,-1.86,0.345903,6.78383,-1.55434,0.226197,0,5.87232,-1.86,0.252521,6.54747,-1.56152,0.128483,0,5.90995,-1.86,0.626361,6.58243,-1.56012,0.504405,0,6.02426,-1.86,0.661572,6.70448,-1.56583,0.541287,0,5.8451,-1.86,0.470447,6.44732,-1.51286,0.365742,1,5.83711,-1.86,0.124389,6.48446,-1.53275,-0.00556957,0,5.70109,-1.86,0.156062,6.32084,-1.5132,0.0322045,0,6.13937,-1.86,0.44465,6.80603,-1.54861,0.329678,0,6.16,-1.13663,0.460783,6.86019,-0.886892,0.347354,0,5.97243,-1.86,0.452372,6.6441,-1.55471,0.332379,0,5.7459,-1.86,0.573284,6.44108,-1.58003,0.439369,0,
1.33336,7.2415,-2.69793,0.160431,7.94585,-2.40394,0.0542858,6.16,-1.22588,0.606201,6.85525,-0.961147,0.489255,0,6.16,-1.51681,0.0616891,6.86471,-1.27615,-0.0508318,0,6.16,-1.67488,0.53571,6.8311,-1.35442,0.425985,0,6.16,-1.83193,0.636036,6.82204,-1.52002,0.519275,0,6.16,-1.28733,0.839334,6.85482,-1.03699,0.711482,0,6.16,-1.70993,0.413992,6.83681,-1.40015,0.301163,0,6.16,-1.71206,0.265466,6.81832,-1.3705,0.151325,0,6.16,-0.673094,-0.0147889,6.95155,-0.788776,-0.0915074,0,6.16,-1.48291,0.356883,6.82865,-1.16318,0.249097,0,6.16,-0.845748,0.347233,6.8545,-0.599244,0.23224,0,5.68646,-1.86,0.284768,6.32658,-1.53211,0.165295,0,6.16,-1.31485,0.238177,6.84934,-1.0339,0.130427,0,5.57211,-1.86,0.420235,6.1854,-1.53095,0.30261,1,5.50763,-1.86,0.320346,6.14653,-1.54666,0.19659,1,6.16,-1.81393,0.074932,6.81198,-1.45733,-0.0460677,0,6.16,-0.513187,0.643171,6.88607,-0.364842,0.518278,0,6.06277,-1.86,0.532014,6.7477,-1.56627,0.411058,0,5.51005,-1.86,0.709268,6.21204,-1.57655,0.567024,1,6.16,-0.852093,0.824194,6.87299,-0.6548,0.686793,0,6.11547,-1.86,0.239304,6.79415,-1.56018,0.116025,0,5.96623,-1.86,0.341188,6.645,-1.55619,0.222821,0,5.75424,-1.86,0.402945,6.39644,-1.53735,0.282417,0,5.97931,-1.86,0.115011,6.64604,-1.5382,-0.00566778,0,6.11045,-1.86,0.345903,6.79092,-1.55751,0.226213,0,5.87232,-1.86,0.252521,6.55979,-1.56605,0.128502,0,5.90995,-1.86,0.626361,6.59611,-1.56646,0.499758,0,6.02426,-1.86,0.661572,6.71391,-1.5711,0.538243,0,5.8451,-1.86,0.470447,6.43807,-1.50466,0.370556,1,5.83711,-1.86,0.124389,6.4758,-1.52498,-0.00590328,0,5.70109,-1.86,0.156062,6.31029,-1.5037,0.0363511,0,6.13937,-1.86,0.44465,6.79808,-1.54191,0.333231,0,6.16,-1.13663,0.460783,6.85849,-0.879078,0.348864,0,5.97243,-1.86,0.452372,6.65412,-1.55816,0.332253,0,5.7459,-1.86,0.573284,6.45752,-1.585,0.438035,0,
1.3667,7.25718,-2.67751,0.159982,7.96243,-2.38345,0.0545309,6.16,-1.22588,0.606201,6.84009,-0.952026,0.492067,0,6.16,-1.51681,0.0616891,6.84919,-1.26504,-0.0525362,0,6.16,-1.67488,0.53571,6.81525,-1.3437,0.429817,0,6.16,-1.83193,0.636036,6.80536,-1.50981,0.524617,0,6.16,-1.28733,0.839334,6.84035,-1.02756,0.715601,0,6.16,-1.70993,0.413992,6.82075,-1.38859,0.303491,0,6.16,-1.71206,0.265466,6.802,-1.35883,0.152141,0,6.16,-0.673094,-0.0147889,6.93876,-0.779795,-0.0930968,0,6.16,-1.48291,0.356883,6.81327,-1.15187,0.251753,0,6.16,-0.845748,0.347233,6.83993,-0.591673,0.232632,0,5.68646,-1.86,0.284768,6.30049,-1.52475,0.166129,0,6.16,-1.31485,0.238177,6.83327,-1.02426,0.129914,0,5.57211,-1.86,0.420235,6.15025,-1.52455,0.303328,1,5.50763,-1.86,0.320346,6.14653,-1.54666,0.19659,1,6.16,-1.81393,0.074932,6.79478,-1.44629,-0.0481074,0,6.16,-0.513187,0.643171,6.87191,-0.35985,0.520601,0,6.06277,-1.86,0.532014,6.7299,-1.55668,0.415819,0,5.51005,-1.86,0.709268,6.18731,-1.57146,0.574201,1,6.16,-0.852093,0.824194,6.858,-0.647993,0.689134,0,6.11547,-1.86,0.239304,6.77552,-1.54924,0.115896,0,5.96623,-1.86,0.341188,6.62449,-1.54793,0.22506,0,5.75424,-1.86,0.402945,6.3724,-1.52816,0.288353,0,5.97931,-1.86,0.115011,6.62546,-1.52858,-0.00722077,0,6.11045,-1.86,0.345903,6.77264,-1.5474,0.228155,0,5.87232,-1.86,0.252521,6.53693,-1.55634,0.128329,0,5.90995,-1.86,0.626361,6.57555,-1.55799,0.50564,0,6.02426,-1.86,0.661572,6.69642,-1.56199,0.545314,0,5.8451,-1.86,0.470447,6.41359,-1.49775,0.374471,1,5.83711,-1.86,0.124389,6.45148,-1.51693,-0.00760203,0,5.70109,-1.86,0.156062,6.28493,-1.49662,0.0345803,0,6.13937,-1.86,0.44465,6.77992,-1.53116,0.33633,0,6.16,-1.13663,0.460783,6.84415,-0.869674,0.350658,0,5.97243,-1.86,0.452372,6.63336,-1.54866,0.335345,0,5.7459,-1.86,0.573284,6.4333,-1.57707,0.44428,0,
1.40003,7.25718,-2.67751,0.159982,7.97142,-2.37182,0.05468,6.16,-1.22588,0.606201,6.83226,-0.943183,0.494276,0,6.16,-1.51681,0.0616891,6.84001,-1.25638,-0.0539627,0,6.16,-1.67488,0.53571,6.80575,-1.3359,0.432479,0,6.16,-1.83193,0.636036,6.79488,-1.50271,0.528179,0,6.16,-1.28733,0.839334,6.8329,-1.01964,0.720375,0,6.16,-1.70993,0.413992,6.81068,-1.38103,0.305504,0,6.16,-1.71206,0.265466,6.79156,-1.35119,0.151779,0,6.16,-0.673094,-0.0147889,6.93257,-0.770674,-0.0941843,0,6.16,-1.48291,0.356883,6.80185,-1.14504,0.253155,0,6.16,-0.845748,0.347233,6.83321,-0.582873,0.232243,0,5.68646,-1.86,0.284768,6.28694,-1.51817,0.166954,0,6.16,-1.31485,0.238177,6.82429,-1.01552,0.130445,0,5.57211,-1.86,0.420235,6.13934,-1.51873,0.307254,1,5.50763,-1.86,0.320346,6.14653,-1.54666,0.19659,1,6.16,-1.81393,0.074932,6.78449,-1.43986,-0.0491097,0,6.16,-0.513187,0.643171,6.86608,-0.352186,0.522627,0,6.06277,-1.86,0.532014,6.72042,-1.55054,0.41798,0,5.51005,-1.86,0.709268,6.17481,-1.56447,0.578118,1,6.16,-0.852093,0.824194,6.85014,-0.641417,0.693413,0,6.11547,-1.86,0.239304,6.76516,-1.54336,0.115337,0,5.96623,-1.86,0.341188,6.61585,-1.54182,0.22492,0,5.75424,-1.86,0.402945,6.35778,-1.52343,0.287059,0,5.97931,-1.86,0.115011,6.61618,-1.52356,-0.00830946,0,6.11045,-1.86,0.345903,6.76313,-1.54124,0.228805,0,5.87232,-1.86,0.252521,6.52922,-1.54878,0.128454,0,5.90995,-1.86,0.626361,6.56693,-1.5536,0.508007,0,6.02426,-1.86,0.661572,6.68667,-1.55695,0.547808,0,5.8451,-1.86,0.470447,6.40028,-1.49274,0.374698,1,5.83711,-1.86,0.124389,6.44034,-1.50873,-0.00831642,0,5.70109,-1.86,0.156062,6.27018,-1.49128,0.0310836,0,6.13937,-1.86,0.44465,6.7684,-1.52432,0.338889,0,6.16,-1.13663,0.460783,6.83788,-0.859895,0.352435,0,5.97243,-1.86,0.452372,6.62379,-1.54366,0.335583,0,5.7459,-1.86,0.573284,6.42549,-1.57272,0.443837,0,
1.43336,7.27216,-2.65715,0.159516,7.97814,-2.36324,0.054788,6.16,-1.22588,0.606201,6.83997,-0.95205,0.492391,0,6.16,-1.51681,0.0616891,6.85167,-1.26677,-0.0523028,0,6.16,-1.67488,0.53571,6.8196,-1.34683,0.427534,0,6.16,-1.83193,0.636036,6.80673,-1.5114,0.524511,0,6.16,-1.28733,0.839334,6.83913,-1.02556,0.71885,0,6.16,-1.70993,0.413992,6.8251,-1.39237,0.30313,0,6.16,-1.71206,0.265466,6.80732,-1.3636,0.151668,0,6.16,-0.673094,-0.0147889,6.93559,-0.772236,-0.0929838,0,6.16,-1.48291,0.356883,6.81074,-1.15253,0.252481,0,6.16,-0.845748,0.347233,6.83849,-0.583634,0.234115,0,5.68646,-1.86,0.284768,6.30552,-1.52895,0.16379,0,6.16,-1.31485,0.238177,6.83081,-1.02181,0.131326,0,5.57211,-1.86,0.420235,6.15505,-1.52486,0.302585,1,5.50763,-1.86,0.320346,6.14653,-1.54666,0.19659,1,6.16,-1.81393,0.074932,6.80267,-1.45321,-0.0472686,0,6.16,-0.513187,0.643171,6.86828,-0.347546,0.525071,0,6.06277,-1.86,0.532014,6.74127,-1.56486,0.411653,0,5.51005,-1.86,0.709268,6.19518,-1.57129,0.572969,1,6.16,-0.852093,0.824194,6.855,-0.64412,0.693049,0,6.11547,-1.86,0.239304,6.78511,-1.55694,0.114337,0,5.96623,-1.86,0.341188,6.64037,-1.55708,0.221844,0,5.75424,-1.86,0.402945,6.37922,-1.53307,0.284685,0,5.97931,-1.86,0.115011,6.64208,-1.53925,-0.0070169,0,6.11045,-1.86,0.345903,6.78332,-1.55421,0.22617,0,5.87232,-1.86,0.252521,6.55223,-1.55842,0.128179,0,5.90995,-1.86,0.626361,6.5933,-1.56707,0.499528,0,6.02426,-1.86,0.661572,6.70872,-1.56932,0.539356,0,5.8451,-1.86,0.470447,6.41849,-1.50322,0.370841,1,5.83711,-1.86,0.124389,6.45622,-1.51676,-0.00762485,0,5.70109,-1.86,0.156062,6.29217,-1.50064,0.0355485,0,6.13937,-1.86,0.44465,6.78159,-1.53289,0.335337,0,6.16,-1.13663,0.460783,6.84281,-0.864719,0.351614,0,5.97243,-1.86,0.452372,6.64921,-1.55833,0.329794,0,5.7459,-1.86,0.573284,6.44283,-1.58029,0.438409,0,
1.4667,7.27764,-2.64872,0.159082,7.98436,-2.35495,0.0548992,6.16,-1.22588,0.606201,6.84132,-0.948648,0.491706,0,6.16,-1.51681,0.0616891,6.84899,-1.26303,-0.0544765,0,6.16,-1.67488,0.53571,6.81621,-1.34102,0.428314,0,6.16,-1.83193,0.636036,6.79899,-1.5046,0.527322,0,6.16,-1.28733,0.839334,6.84231,-1.02373,0.715643,0,6.16,-1.70993,0.413992,6.82064,-1.38604,0.302809,0,6.16,-1.71206,0.265466,6.80347,-1.35868,0.150397,1,6.16,-0.673094,-0.0147889,6.93868,-0.772252,-0.0952204,0,6.16,-1.48291,0.356883,6.80819,-1.14712,0.251381,0,6.16,-0.845748,0.347233,6.84453,-0.582179,0.231027,1,5.68646,-1.86,0.284768,6.2907,-1.51868,0.16288,0,6.16,-1.31485,0.238177,6.83215,-1.01984,0.128212,0,5.57211,-1.86,0.420235,6.13691,-1.51324,0.305378,1,5.50763,-1.86,0.320346,6.14653,-1.54666,0.19659,1,6.16,-1.81393,0.074932,6.79741,-1.44773,-0.0486564,0,6.16,-0.513187,0.643171,6.8756,-0.349758,0.520989,1,6.06277,-1.86,0.532014,6.73501,-1.55752,0.413481,0,5.51005,-1.86,0.709268,6.1789,-1.55729,0.578584,1,6.16,-0.852093,0.824194,6.86009,-0.642651,0.689713,1,6.11547,-1.86,0.239304,6.77876,-1.55159,0.113134,1,5.96623,-1.86,0.341188,6.63339,-1.549,0.222353,0,5.75424,-1.86,0.402945,6.36196,-1.52124,0.28614,1,5.97931,-1.86,0.115011,6.63472,-1.5328,-0.00782624,0,6.11045,-1.86,0.345903,6.77626,-1.54797,0.226144,0,5.87232,-1.86,0.252521,6.54132,-1.54814,0.128892,0,5.90995,-1.86,0.626361,6.58456,-1.55954,0.500952,0,6.02426,-1.86,0.661572,6.70104,-1.56171,0.542903,0,5.8451,-1.86,0.470447,6.40399,-1.49171,0.373942,1,5.83711,-1.86,0.124389,6.44312,-1.5065,-0.00814496,1,5.70109,-1.86,0.156062,6.27355,-1.48927,0.0314164,0,6.13937,-1.86,0.44465,6.77212,-1.52517,0.337151,0,6.16,-1.13663,0.460783,6.84402,-0.860446,0.350468,0,5.97243,-1.86,0.452372,6.64174,-1.5523,0.332249,1,5.7459,-1.86,0.573284,6.42914,-1.56895,0.439695,0,
1.50003,7.29234,-2.62763,0.158645,7.99328,-2.34287,0.0550649,6.16,-1.22588,0.606201,6.83475,-0.947568,0.492949,0,6.16,-1.51681,0.0616891,6.84399,-1.26163,-0.054615,0,6.16,-1.67488,0.53571,6.81163,-1.34088,0.431203,0,6.16,-1.83193,0.636036,6.79365,-1.50533,0.527945,0,6.16,-1.28733,0.839334,6.8375,-1.02292,0.719162,0,6.16,-1.70993,0.413992,6.81627,-1.38498,0.303754,0,6.16,-1.71206,0.265466,6.79931,-1.35756,0.151227,1,6.16,-0.673094,-0.0147889,6.93388,-0.768586,-0.0930077,0,6.16,-1.48291,0.356883,6.80418,-1.14398,0.251304,0,6.16,-0.845748,0.347233,6.83672,-0.580334,0.23186,1,5.68646,-1.86,0.284768,6.28743,-1.51806,0.167253,0,6.16,-1.31485,0.238177,6.82697,-1.01766,0.129677,0,5.57211,-1.86,0.420235,6.1339,-1.51547,0.306816,1,5.50763,-1.86,0.320346,6.14653,-1.54666,0.19659,1,6.16,-1.81393,0.074932,6.79356,-1.44707,-0.0482132,0,6.16,-0.513187,0.643171,6.87176,-0.345764,0.525318,1,6.06277,-1.86,0.532014,6.73161,-1.55709,0.415207,0,5.51005,-1.86,0.709268,6.16487,-1.55554,0.581832,1,6.16,-0.852093,0.824194,6.85557,-0.639526,0.691972,1,6.11547,-1.86,0.239304,6.77332,-1.5478,0.114744,1,5.96623,-1.86,0.341188,6.62448,-1.54613,0.223576,0,5.75424,-1.86,0.402945,6.35983,-1.52295,0.286779,1,5.97931,-1.86,0.115011,6.62724,-1.52969,-0.00702773,0,6.11045,-1.86,0.345903,6.77317,-1.54828,0.2269,0,5.87232,-1.86,0.252521,6.53278,-1.54545,0.129841,0,5.90995,-1.86,0.626361,6.5778,-1.55946,0.504224,0,6.02426,-1.86,0.661572,6.69246,-1.56137,0.544504,0,5.8451,-1.86,0.470447,6.39893,-1.49295,0.375224,1,5.83711,-1.86,0.124389,6.43928,-1.50944,-0.00931405,1,5.70109,-1.86,0.156062,6.27208,-1.49234,0.030005,0,6.13937,-1.86,0.44465,6.76772,-1.52539,0.338295,0,6.16,-1.13663,0.460783,6.83994,-0.857333,0.353027,0,5.97243,-1.86,0.452372,6.63522,-1.55065,0.334283,1,5.7459,-1.86,0.573284,6.41477,-1.56521,0.443343,0,
1.53337,7.29234,-2.62763,0.158645,7.99978,-2.33398,0.0551882,6.16,-1.22588,0.606201,6.84066,-0.957165,0.488399,1,6.16,-1.51681,0.0616891,6.85271,-1.27318,-0.0545177,1,6.16,-1.67488,0.53571,6.82074,-1.35201,0.425318,1,6.16,-1.83193,0.636036,6.80439,-1.51645,0.520837,1,6.16,-1.28733,0.839334,6.84212,-1.03335,0.713651,1,6.16,-1.70993,0.413992,6.82607,-1.39665,0.299648,1,6.16,-1.71206,0.265466,6.80885,-1.36999,0.148233,1,6.16,-0.673094,-0.0147889,6.9369,-0.778742,-0.0961959,1,6.16,-1.48291,0.356883,6.81193,-1.15547,0.247333,1,6.16,-0.845748,0.347233,6.83947,-0.590121,0.229068,1,5.68646,-1.86,0.284768,6.30235,-1.52691,0.164663,1,6.16,-1.31485,0.238177,6.83231,-1.02979,0.126637,1,5.57211,-1.86,0.420235,6.15102,-1.52647,0.302887,1,5.50763,-1.86,0.320346,6.14653,-1.54666,0.19659,1,6.16,-1.81393,0.074932,6.80441,-1.45945,-0.0490516,1,6.16,-0.513187,0.643171,6.87251,-0.352549,0.52071,1,6.06277,-1.86,0.532014,6.74385,-1.5682,0.409382,1,5.51005,-1.86,0.709268,6.18361,-1.56558,0.573758,1,6.16,-0.852093,0.824194,6.85796,-0.648121,0.687659,1,6.11547,-1.86,0.239304,6.78274,-1.55809,0.112594,1,5.96623,-1.86,0.341188,6.6358,-1.55592,0.220056,1,5.75424,-1.86,0.402945,6.37451,-1.53472,0.282471,1,5.97931,-1.86,0.115011,6.63762,-1.54017,-0.0086062,1,6.11045,-1.86,0.345903,6.78537,-1.56017,0.2232,1,5.87232,-1.86,0.252521,6.54366,-1.55687,0.126533,1,5.90995,-1.86,0.626361,6.58908,-1.56788,0.498311,1,6.02426,-1.86,0.661572,6.70338,-1.57097,0.538315,1,5.8451,-1.86,0.470447,6.41425,-1.50534,0.370079,1,5.83711,-1.86,0.124389,6.45615,-1.52249,-0.00887786,1,5.70109,-1.86,0.156062,6.28752,-1.50477,0.0301969,1,6.13937,-1.86,0.44465,6.77961,-1.53685,0.332975,1,6.16,-1.13663,0.460783,6.84431,-0.867764,0.349802,1,5.97243,-1.86,0.452372,6.64586,-1.56019,0.329021,1,5.7459,-1.86,0.573284,6.43058,-1.57532,0.437127,1,
